Item ID,Custom Label
190748273176,ACC-ZED-180
200948142143,BTY-HTC-018
200948329904,APL-003-1180
190878587907,ACC-SNP-456
190879454935,FLX-LGM-170
200912604784,SRN-SAM-133
190821055151,SRN-SAM-044
200912614280,SRN-SAM-044
190821071229,SRN-HTC-150
190821074289,SRN-HTC-042
200912630379,ACC-ZRT-224
200912631584,SRN-HTC-336
200912632342,SRN-HTC-402
200921985980,FLX-SAM-096
190835355194,FLX-SAM-468
190835357402,FLX-SAM-474
190835361068,FLX-SAM-600
200922033077,FLX-SAM-624
190835373075,FLX-SAM-498
190835377933,SRN-HTC-046
200949987802,SRN-HTC-468
200949987818,APL-003-0635
200949987822,FLX-SAM-528
200950408864,FLX-UCP-084
200950949968,FLX-SAM-246
200914340430,SRN-LGM-132
200914348067,APL-003-0204
190854307521,FLX-HTC-036
190854307531,FLX-HTC-426
200933304401,FLX-HTC-048
190854307539,FLX-SAM-681
200933304405,FLX-SAM-654
190854307540,FLX-SAM-661
190854307550,FLX-SAM-564
190854307552,FLX-HTC-096
200933304408,FLX-SAM-114
190854307568,FLX-SAM-655
200933304412,FLX-SAM-662
190854307575,FLX-SAM-126
200933304417,FLX-HTC-108
190854307584,FLX-SAM-663
190854307586,FLX-SAM-650
190854307589,FLX-HTC-258
200933304425,FLX-SAM-656
200933304429,FLX-HTC-138
200933304430,FLX-SAM-174
190854307607,FLX-HTC-192
200933304440,FLX-SAM-198
200933304444,FLX-SAM-657
200933304445,FLX-SAM-667
200933304459,FLX-SAM-659
200933304470,FLX-SAM-660
190883645113,ACC-ZRT-226
190883645125,ACC-ZRT-120
200951773349,ACC-ZRT-200
200951773351,ACC-ZRT-260
190883645136,ACC-ZRT-156
200951773364,ACC-ZRT-206
200951773365,ACC-ZRT-266
200951773366,ACC-ZRT-228
190883645140,ACC-ZRT-126
190883645150,ACC-ZRT-272
190883645152,ACC-ZRT-220
190883645155,ACC-ZRT-132
200951773374,ACC-ZRT-162
200951773376,ACC-ZRT-230
200951773380,ACC-ZRT-278
200951773381,ACC-ZRT-174
190883645160,ACC-ZRT-138
200951773383,ACC-ZRT-236
200951773391,FLX-SAM-752
200951773395,ACC-ZRT-078
200951773398,FLX-LGM-176
200951773399,ACC-ZRT-314
190883645172,ACC-ZRT-284
190883645173,ACC-ZRT-182
200951773400,BTY-COV-112
200951773401,ACC-ZRT-242
200951773404,ACC-ZRT-141
190883645179,ACC-ZRT-084
200951773408,ACC-ZRT-225
200951773409,APL-003-1226
200951773413,FLX-HTC-456
200951773415,FLX-LGM-178
200951773421,ACC-ZRT-248
190883645185,ACC-ZRT-194
200951773422,ACC-ZRT-292
200951773425,ACC-ZRT-144
190883645192,APL-003-1228
190883645193,ACC-ZRT-320
190883645197,FLX-LGM-180
200951773427,ACC-ZRT-090
200951773430,BTY-COV-116
190883645207,ACC-ZRT-102
190883645210,FLX-LGM-186
200951773436,FLX-SAM-754
190883645212,FLX-LGM-182
190883645213,BTY-COV-118
200951773442,ACC-ZRT-326
190883645222,ACC-ZRT-108
200951773449,ACC-ZRT-024
190883645224,FLX-SAM-746
200951773453,ACC-ZRT-328
200951773454,FLX-LGM-184
200951773456,ACC-ZRT-316
200951773457,BTY-COV-120
190883645241,ACC-ZRT-113
200951773466,ACC-ZRT-072
200951773470,FLX-HTC-454
200951773471,BTY-COV-124
200951773474,ACC-ZRT-306
190883645263,FLX-SAM-748
190883645276,FLX-SAM-750
200933853327,FLX-LGM-006
200933853329,FLX-LGM-140
190855333744,FLX-LGM-152
190855333745,FLX-LGM-066
200933853342,FLX-LGM-108
190884564227,APL-003-1152
190884564280,ACC-APL-0510
200952380445,FLX-SAM-606
190855673561,SRN-HTC-048
200934067539,SRN-HTC-162
190855685778,SRN-HTC-432
200934076077,SRN-HTC-180
190855685802,SRN-HTC-186
190855685805,SRN-HTC-258
200934076098,SRN-HTC-438
190855685842,SRN-HTC-444
200934076110,SRN-HTC-348
200934076117,SRN-HTC-456
190855685872,SRN-HTC-372
200934076129,SRN-HTC-462
190855701964,SRN-LGM-114
190855702024,SRN-LGM-090
190855702101,SRN-LGM-108
200906731690,SRN-SAM-150
200916113609,FLX-SAM-670
200916113632,FLX-SAM-671
190826233851,FLX-SAM-672
200952851433,FLX-SAM-264
200952856064,FLX-UCP-102
200953250998,APL-003-0396
200925280368,ACC-SKN-024
200925280382,ACC-SKN-132
190841506170,ACC-SKN-240
190841506171,ACC-SKN-282
200925280402,ACC-SKN-204
200925280405,ACC-SKN-168
200925280414,ACC-SKN-030
200925280423,ACC-SKN-138
190841506178,ACC-SKN-360
190841506179,ACC-SKN-318
190841506180,ACC-SKN-684
190841506183,ACC-SKN-480
190841506187,ACC-SKN-174
200925280432,ACC-SKN-552
200925280434,ACC-SKN-642
200925280436,ACC-SKN-732
200925280437,ACC-SKN-768
200925280438,ACC-SKN-516
200925280440,ACC-SKN-408
200925280441,ACC-SKN-210
200925280443,ACC-SKN-588
190841506193,ACC-SKN-288
200925280446,ACC-SKN-036
200925280449,ACC-SKN-144
200925280453,ACC-SKN-246
190841506200,ACC-SKN-450
190841506201,ACC-SKN-690
190841506202,ACC-SKN-648
190841506204,ACC-SKN-216
190841506206,ACC-SKN-774
190841506207,ACC-SKN-180
190841506208,ACC-SKN-414
200925280456,ACC-SKN-366
200925280457,ACC-SKN-738
200925280458,ACC-SKN-558
200925280459,ACC-SKN-522
200925280460,ACC-SKN-324
200925280463,ACC-SKN-594
190841506210,ACC-SKN-486
190841506212,ACC-SKN-054
190841506220,ACC-SKN-294
200925280465,ACC-SKN-150
200925280466,ACC-SKN-252
190841506222,ACC-SKN-372
190841506223,ACC-SKN-744
190841506224,ACC-SKN-564
190841506225,ACC-SKN-528
190841506227,ACC-SKN-060
190841506228,ACC-SKN-654
190841506230,ACC-SKN-456
190841506231,ACC-SKN-696
190841506232,ACC-SKN-780
200925280476,ACC-SKN-222
200925280477,ACC-SKN-186
200925280478,ACC-SKN-492
200925280479,ACC-SKN-600
190841506236,ACC-SKN-420
190841506239,ACC-SKN-258
200925280483,ACC-SKN-156
200925280487,ACC-SKN-300
190841506245,ACC-SKN-192
190841506249,ACC-SKN-378
190841506250,ACC-SKN-750
190841506251,ACC-SKN-498
190841506252,ACC-SKN-342
190841506253,ACC-SKN-702
190841506254,ACC-SKN-612
200925280489,ACC-SKN-228
200925280491,ACC-SKN-066
200925280492,ACC-SKN-570
200925280493,ACC-SKN-534
190841506256,ACC-SKN-462
200925280495,ACC-SKN-162
200925280496,ACC-SKN-786
200925280497,ACC-SKN-426
190841506259,ACC-SKN-306
200925280500,ACC-SKN-264
200925280502,ACC-SKN-198
190841506271,ACC-SKN-234
190841506272,ACC-SKN-396
190841506276,ACC-SKN-348
200925280508,ACC-SKN-672
200925280509,ACC-SKN-576
200925280511,ACC-SKN-540
200925280512,ACC-SKN-618
200925280513,ACC-SKN-504
200925280514,ACC-SKN-756
200925280515,ACC-SKN-708
190841506281,ACC-SKN-468
190841506282,ACC-SKN-432
190841506283,ACC-SKN-312
200925280517,ACC-SKN-270
190841506287,ACC-SKN-402
190841506288,ACC-SKN-354
190841506290,ACC-SKN-582
190841506292,ACC-SKN-510
200925280520,ACC-SKN-678
200925280521,ACC-SKN-546
190841506293,ACC-SKN-762
190841506295,ACC-SKN-636
190841506296,ACC-SKN-726
200925280525,ACC-SKN-474
200925280526,ACC-SKN-438
190841509135,ACC-SKN-084
190841509150,ACC-SKN-090
190841509172,ACC-SKN-096
190841509183,ACC-SKN-114
200925283754,ACC-SKN-120
190841509220,ACC-SKN-126
200925303620,FLX-SAM-669
200907785931,FLX-UCP-024
200907786351,FLX-UCP-012
200953354231,SRN-SAM-042
200953436712,APL-003-0396
190842952124,BTY-COV-078
200926068332,BTY-COV-084
190842952129,BTY-COV-018
190842952130,BTY-COV-090
190842952133,BTY-COV-060
200926068340,BTY-COV-096
190842952141,BTY-COV-066
190842952145,BTY-COV-036
190843390407,FLX-LGM-134
200926312016,FLX-LGM-102
190843390424,FLX-LGM-114
190843390443,FLX-LGM-120
200926312047,FLX-LGM-012
190843390459,FLX-LGM-122
190843390468,FLX-MOT-024
200926312056,FLX-LGM-054
190843390479,FLX-LGM-060
190843390483,FLX-LGM-128
200926312077,FLX-LGM-026
200926312078,FLX-LGM-152
190843390500,FLX-LGM-090
190843390501,FLX-LGM-036
190843390511,FLX-LGM-096
190843390512,FLX-LGM-042
190843737564,FLX-HTC-162
200926500369,FLX-HTC-408
190843737566,FLX-SAM-054
200926500371,FLX-HTC-204
190843737592,FLX-HTC-372
200926500394,FLX-HTC-030
200926500396,FLX-HTC-414
190843737611,FLX-HTC-174
190843737614,FLX-HTC-252
200926500412,FLX-HTC-168
190843737615,FLX-HTC-306
190843737638,FLX-HTC-006
190843737641,FLX-HTC-018
190843737655,FLX-HTC-126
190843737657,FLX-SAM-378
190843737658,FLX-HTC-348
190843737672,FLX-HTC-024
190843737675,FLX-HTC-354
190843737676,FLX-HTC-012
190843737679,FLX-HTC-420
190888390895,FLX-UCP-110
200954726761,FLX-SAM-678
190888952009,TAB-SRN-126
200954960825,BTY-COV-072
190889113894,FLX-HTC-270
200955021580,APL-002-0756
200955021714,ACC-APL-0396
190889116059,ACC-APL-0678
200955021881,ACC-APL-0246
200955021932,ACC-APL-1232
200955021976,FLX-HTC-276
190889123226,FLX-UCP-018
200955023832,ACC-SNP-096
190889276985,ACC-ZRT-322
190889364638,ACC-SAM-180
200955186722,ACC-SAM-158
190889364645,ACC-SAM-174
200955186730,ACC-SAM-184
200955186732,ACC-SAM-178
190889517202,APL-003-1056
200955286456,FLX-SAM-665
190889543479,APL-003-0420
190889908157,FLX-UCP-060
190890034531,SRN-SAM-066
190890034619,SRN-SAM-042
200955608445,ACC-ZRT-324
200955608470,SRN-SAM-072
200955608498,SRN-SAM-126
200955608526,FLX-HTC-300
200955608769,FLX-HTC-210
190890035189,APL-003-0450
200955608815,ACC-SKN-444
200955609033,SRN-SAM-240
190890035738,BTY-COV-110
190890035811,SRN-HUA-048
200955609704,FLX-MOT-012
200955654974,SRN-SAM-120
190890098414,SRN-SAM-036
200955667455,BTY-LG-036
200955715511,APL-003-1146
190874922324,FLX-SAM-282
190874922325,FLX-SAM-110
190874922326,FLX-SAM-348
200946123647,FLX-SAM-180
200946123648,FLX-SAM-636
200946123649,FLX-SAM-234
200946123651,FLX-SAM-714
200946123652,FLX-SAM-702
190874922352,FLX-SAM-408
190874922362,FLX-SAM-492
190874922364,FLX-SAM-186
190874922365,FLX-SAM-637
190874922366,FLX-SAM-715
190874922369,FLX-SAM-366
190874922371,FLX-SAM-703
200946123659,FLX-SAM-240
200946123660,FLX-SAM-138
200946123658,FLX-SAM-288
200946123662,FLX-SAM-691
190874922410,FLX-SAM-708
190874922418,FLX-HTC-448
200946123666,FLX-SAM-647
200946123667,FLX-SAM-426
190874922421,FLX-SAM-716
190874922423,FLX-SAM-144
190874922425,FLX-HTC-330
190874922426,FLX-LGM-160
190874922427,FLX-HTC-432
190874922429,FLX-SAM-104
200946123671,FLX-SAM-704
200946123672,FLX-SAM-384
200946123673,FLX-SAM-640
200946123674,FLX-HTC-110
200946123675,FLX-SAM-042
200946123676,FLX-LGM-172
200946123677,FLX-SAM-693
190874922437,FLX-SAM-680
190874922458,FLX-HTC-264
190874922459,FLX-LGM-048
190874922460,FLX-SAM-649
200946123681,FLX-SAM-738
200946123682,FLX-SAM-732
200946123683,FLX-SAM-709
200946123684,FLX-SAM-720
200946123685,FLX-SAM-744
190874922477,FLX-SAM-717
200946123686,FLX-SAM-726
200946123689,FLX-SAM-432
190874922480,FLX-SAM-390
190874922481,FLX-SAM-641
190874922482,FLX-SAM-705
190874922483,FLX-HTC-180
190874922485,FLX-SAM-048
200946123691,FLX-LGM-162
200946123692,FLX-HTC-378
200946123693,FLX-SAM-100
200946123694,FLX-SAM-252
200946123695,FLX-SAM-546
200946123696,FLX-MOT-018
200946123697,FLX-SAM-216
200946123699,FLX-HTC-438
200946123701,FLX-SAM-318
200946123702,FLX-SAM-685
190874922509,FLX-SAM-739
190874922511,FLX-SAM-710
190874922512,FLX-SAM-733
190874922516,FLX-LGM-052
190874922518,FLX-SAM-652
190874922519,FLX-SAM-721
190874922522,FLX-SAM-438
200946123704,FLX-SAM-697
200946123707,FLX-SAM-727
190874922524,FLX-HTC-452
190874922525,FLX-SAM-718
190874922529,FLX-HTC-390
190874922530,FLX-SAM-618
190874922531,FLX-SAM-106
190874922533,FLX-SAM-018
200946123710,FLX-LGM-164
200946123711,FLX-SAM-396
200946123712,FLX-SAM-270
200946123713,FLX-SAM-706
200946123715,FLX-SAM-645
190874922537,FLX-SAM-060
190874922543,FLX-SAM-336
190874922547,FLX-SAM-687
190874922551,FLX-SAM-699
200946123716,FLX-HTC-442
190874922556,FLX-SAM-722
190874922557,FLX-SAM-653
190874922561,FLX-LGM-018
200946123719,FLX-SAM-711
200946123720,FLX-SAM-734
200946123721,FLX-LGM-084
200946123722,FLX-SAM-728
200946123725,FLX-SAM-719
190874922566,FLX-LGM-166
190874922568,FLX-HTC-396
190874922569,FLX-SAM-456
190874922576,FLX-SAM-024
190874922577,FLX-SAM-707
190874922582,FLX-SAM-689
200946123723,FLX-SAM-740
200946123726,FLX-HTC-216
200946123727,FLX-SAM-276
200946123728,FLX-SAM-402
200946123729,FLX-SAM-631
200946123730,FLX-SAM-162
200946123732,FLX-SAM-066
200946123733,FLX-SAM-228
200946123734,FLX-HTC-443
190874922583,FLX-SAM-342
190874922587,FLX-SAM-700
190874922589,FLX-HTC-282
190874922590,FLX-LGM-146
190874922595,FLX-SAM-723
200946123736,FLX-SAM-712
200946123738,FLX-SAM-735
190874922599,FLX-LGM-024
190874922600,FLX-HTC-427
190874922601,FLX-HTC-228
190874922604,FLX-SAM-462
200946123739,FLX-SAM-729
200946123741,FLX-SAM-658
200946123743,FLX-LGM-168
200946123745,FLX-SAM-030
190874922608,FLX-HTC-444
190874922612,FLX-SAM-713
200946123747,FLX-SAM-102
190874922617,FLX-SAM-724
190874922618,FLX-LGM-030
190874922619,FLX-LGM-104
200946123749,FLX-HTC-288
200946123750,FLX-SAM-730
200946123751,FLX-SAM-736
200946123752,FLX-SAM-664
190874922621,FLX-SAM-742
190874922622,FLX-HTC-234
200946123753,FLX-HTC-430
200946123755,FLX-SAM-036
190874922633,FLX-SAM-725
200946123758,FLX-HTC-446
200946123762,FLX-SAM-737
200946123763,FLX-LGM-106
200946123764,FLX-SAM-743
190874922644,FLX-HTC-054
190874922657,FLX-HTC-060
200946123783,FLX-HTC-066
190874922691,FLX-HTC-084
200946123804,FLX-HTC-090
200946123809,FLX-HTC-102
190890234076,APL-002-0839
190890346831,ACC-SAM-210
200955812197,BTY-COV-114
200955824381,ACC-ZRT-310
190890424203,ACC-ZRT-312
190875202557,SRN-SAM-254
190875202573,SRN-SAM-256
200946276141,TAB-SRN-006
200946276149,TAB-SRN-012
190875208009,TAB-SRN-120
200946276159,TAB-SRN-018
190875208043,TAB-SRN-152
200946276200,TAB-SRN-084
200946276213,TAB-SRN-004
200955894125,BTY-COV-122
200955993403,TAB-SRN-114
190890676146,APL-003-0876
190890712012,FLX-SAM-108
190890906067,FLX-HTC-450
200946602134,FLX-SAM-705
200956345655,FLX-SAM-222
200956355840,APL-003-0645
200910230331,
190817573150,FLX-UCP-048
200910232759,FLX-UCP-042
200910233454,FLX-UCP-036
190817579703,FLX-UCP-078
200910237939,FLX-UCP-072
190817583035,FLX-UCP-072
200910239046,FLX-UCP-066
190817585535,FLX-UCP-060
200910240214,FLX-UCP-096
200910240448,FLX-UCP-090
200910241006,FLX-UCP-084
190817981078,FLX-SAM-534
190876474883,ACC-SNP-042
200947024454,ACC-SNP-006
200947024462,ACC-SNP-012
200947024463,ACC-SNP-048
190876474898,ACC-SNP-372
200947024468,ACC-SNP-408
190876474902,ACC-SNP-018
200947024486,ACC-SNP-054
190876474928,ACC-SNP-414
200947024493,ACC-SNP-378
190876474931,ACC-SNP-024
200947024499,ACC-SNP-060
200947024502,ACC-SNP-384
200947024504,ACC-SNP-426
190876474939,ACC-SNP-030
200947024512,ACC-SNP-066
200947024515,ACC-SNP-444
190876474949,ACC-SNP-036
190876474950,ACC-SNP-390
190876474953,ACC-SNP-072
190876474954,ACC-SNP-450
190876474965,ACC-SNP-396
190876474989,ACC-SNP-402
200947024534,ACC-SNP-534
200947024535,ACC-SNP-462
190876474993,ACC-SNP-168
190876474996,ACC-SNP-078
200947024554,ACC-SNP-618
200947024558,ACC-SNP-540
200947024559,ACC-SNP-204
200947024560,ACC-SNP-468
190876475007,ACC-SNP-174
190876475008,ACC-SNP-498
190876475009,ACC-SNP-624
190876475011,ACC-SNP-084
190876475017,ACC-SNP-330
200947024566,ACC-SNP-576
190876475020,ACC-SNP-114
190876475022,ACC-SNP-546
190876475023,ACC-SNP-210
200947024570,ACC-SNP-474
190876475031,ACC-SNP-180
190876475032,ACC-SNP-090
190876475034,ACC-SNP-504
190876475042,ACC-SNP-246
200947024572,ACC-SNP-336
190876475048,ACC-SNP-552
200947024575,ACC-SNP-120
200947024576,ACC-SNP-216
190876475051,ACC-SNP-288
190876475055,ACC-SNP-186
190876475056,ACC-SNP-480
200947024581,ACC-SNP-510
190876475065,ACC-SNP-258
200947024584,ACC-SNP-348
190876475069,ACC-SNP-582
200947024589,ACC-SNP-228
200947024591,ACC-SNP-126
200947024595,ACC-SNP-102
190876475072,ACC-SNP-486
200947024596,ACC-SNP-300
200947024597,ACC-SNP-192
200947024598,ACC-SNP-516
190876475078,ACC-SNP-264
190876475080,ACC-SNP-354
190876475087,ACC-SNP-138
190876475088,ACC-SNP-564
200947024601,ACC-SNP-588
200947024602,ACC-SNP-234
200947024607,ACC-SNP-108
190876475093,ACC-SNP-198
190876475095,ACC-SNP-522
200947024610,ACC-SNP-306
200947024612,ACC-SNP-492
190876475097,ACC-SNP-270
190876475100,ACC-SNP-150
200947024615,ACC-SNP-360
200947024616,ACC-SNP-240
200947024617,ACC-SNP-600
200947024620,ACC-SNP-312
200947024622,ACC-SNP-528
190876475105,ACC-SNP-366
190876475106,ACC-SNP-276
200947024627,ACC-SNP-606
190876475108,ACC-SNP-162
200947024634,ACC-SNP-318
190876475114,ACC-SNP-282
190876475116,ACC-SNP-612
190876475122,ACC-SNP-324
190876479817,APL-002-0833
190876479816,APL-002-0821
200947027325,APL-003-0005
190876479821,APL-002-0816
190876479826,APL-002-0835
190876479828,APL-002-0823
190876479830,APL-003-0006
190876479855,APL-002-0825
200947027341,APL-002-0837
190876479856,APL-003-0012
190876479863,APL-003-0191
190876479865,APL-003-0162
190876479867,APL-003-0246
190876479868,APL-003-0318
190876479871,APL-003-0798
190876479872,APL-003-0456
190876479873,APL-003-0726
190876479874,APL-003-0762
200947027345,APL-003-0036
200947027346,APL-003-0084
200947027347,APL-003-0564
200947027348,APL-003-0120
200947027349,APL-003-0210
200947027350,APL-003-0282
200947027351,APL-003-0528
200947027353,APL-003-0633
200947027354,APL-003-0426
200947027355,APL-003-0384
190876479864,APL-003-0354
190876479866,APL-003-0492
190876479869,APL-003-0627
190876479870,APL-003-0690
190876479876,APL-002-0818
190876479882,APL-003-0942
200947027352,APL-003-0870
200947027356,APL-003-0834
200947027357,APL-003-0600
200947027358,APL-003-0654
190876479896,APL-003-0018
200947027364,APL-002-0827
190876479898,APL-003-0918
190876479900,APL-003-0216
190876479901,APL-003-0570
190876479902,APL-003-0090
190876479903,APL-003-0462
190876479904,APL-003-0732
190876479905,APL-003-0324
190876479906,APL-003-0426
190876479907,APL-003-0168
190876479908,APL-003-0132
190876479909,APL-003-0252
190876479910,APL-003-0696
190876479911,APL-003-0628
190876479912,APL-003-0042
190876479914,APL-003-0978
190876479915,APL-003-1008
190876479917,APL-003-0634
190876479918,APL-003-0840
200947027365,APL-003-0804
200947027366,APL-003-0390
200947027367,APL-003-0534
200947027368,APL-003-0288
200947027369,APL-003-0498
200947027371,APL-003-0360
200947027372,APL-003-0606
190876479919,APL-002-0819
190876479923,APL-003-1038
190876479924,BTY-AED-048
190876479925,BTY-APL-078
190876479926,BTY-COV-018
190876479927,BTY-AED-120
190876479928,APL-003-1198
190876479929,BTY-SAM-018
190876479930,BTY-COV-090
190876479931,BTY-HTC-006
190876479932,BTY-LG-012
190876479933,BTY-SAM-006
190876479935,FLX-UCP-072
190876479936,BTY-SAM-048
190876479938,BTY-MOT-006
200947027374,APL-003-0948
200947027375,APL-003-0192
200947027378,APL-003-1074
200947027380,APL-003-1110
200947027381,APL-003-1162
200947027382,APL-003-1174
200947027384,APL-003-1186
200947027385,BTY-AED-156
200947027386,BTY-APL-042
200947027387,BTY-AED-222
200947027388,APL-003-1210
200947027389,BTY-AED-186
200947027390,BTY-COV-054
200947027391,BTY-AED-084
200947027392,BTY-AED-258
200947027393,BTY-HTC-036
200947027394,BTY-HTC-072
200947027395,FLX-UCP-030
200947027396,BTY-LG-024
200947027397,BTY-AED-012
200947027398,APL-002-0829
190876479945,APL-003-0924
190876479952,APL-003-0810
190876479953,APL-003-0504
190876479955,APL-003-0468
190876479957,APL-003-0666
190876479958,APL-003-0258
190876479961,APL-003-0702
200947027400,APL-003-0024
200947027401,APL-003-0294
200947027403,APL-003-0738
200947027404,APL-003-0540
200947027405,APL-003-0576
200947027407,APL-003-0174
190876479962,APL-003-1014
190876479964,APL-003-0138
190876479965,APL-002-0841
190876479968,APL-003-0629
190876479977,APL-003-0882
190876479978,APL-003-1080
190876479981,APL-003-1176
190876479982,APL-003-1164
190876479983,BTY-AED-054
190876479985,BTY-COV-024
190876479986,BTY-AED-090
200947027408,APL-003-0096
200947027409,APL-003-0846
200947027410,APL-003-0618
200947027413,APL-003-0432
200947027415,APL-003-0984
200947027418,APL-002-0820
200947027419,APL-003-1044
200947027421,APL-003-1188
200947027422,APL-003-1116
200947027423,APL-003-0198
200947027425,BTY-AED-162
200947027426,BTY-APL-048
200947027427,APL-003-1212
200947027428,APL-003-1200
190876479984,BTY-HTC-078
190876479987,BTY-LG-012
190876479988,BTY-HTC-042
190876479989,BTY-SAM-012
190876479991,BTY-MOT-012
190876479992,BTY-LG-030
190876479993,BTY-AED-264
190876479994,BTY-HTC-012
190876479995,BTY-COV-060
190876479996,BTY-APL-084
190876480001,FLX-UCP-078
190876480009,BTY-SAM-024
200947027429,BTY-AED-228
200947027430,BTY-COV-096
200947027431,BTY-SAM-054
200947027432,BTY-AED-126
200947027433,BTY-AED-018
200947027434,APL-003-0768
200947027436,FLX-UCP-104
190876480010,APL-003-0366
190876480014,APL-003-0300
190876480015,APL-003-0030
200947027438,BTY-AED-192
200947027439,APL-003-0954
200947027440,APL-002-0831
200947027441,APL-003-0930
200947027443,APL-003-0474
190876480017,APL-003-0744
190876480018,APL-003-0546
190876480020,APL-003-0582
190876480022,APL-003-0510
190876480024,APL-003-0264
190876480026,APL-003-0180
190876480030,APL-003-0708
190876480036,APL-003-0144
190876480038,APL-003-1154
190876480039,APL-003-0438
190876480040,APL-003-1190
200947027444,APL-003-0336
200947027446,APL-003-0852
200947027447,APL-003-0672
200947027448,APL-003-0402
200947027449,APL-003-1020
200947027450,APL-003-0102
200947027453,APL-003-0630
200947027454,APL-003-1086
200947027455,APL-003-0888
200947027456,APL-003-0228
200947027457,APL-003-1050
200947027460,APL-003-0642
190876480041,APL-003-1122
190876480043,BTY-AED-234
190876480044,BTY-AED-168
190876480045,APL-003-0626
190876480046,BTY-HTC-079
190876480047,BTY-APL-054
190876480049,BTY-COV-102
190876480050,BTY-LG-030
190876480052,BTY-AED-270
190876480053,FLX-UCP-006
190876480054,BTY-COV-066
190876480056,APL-003-0774
200947027458,APL-003-0990
200947027459,APL-003-0204
200947027461,APL-003-1202
200947027462,APL-003-1178
200947027463,APL-003-0048
200947027465,APL-003-1166
200947027466,BTY-AED-096
200947027467,BTY-LG-012
200947027468,BTY-COV-030
200947027471,BTY-MOT-018
200947027472,BTY-AED-132
200947027473,BTY-AED-060
200947027474,BTY-HTC-048
200947027475,BTY-AED-024
200947027477,FLX-UCP-106
200947027479,BTY-SAM-024
200947027480,FLX-UCP-042
200947027482,BTY-AED-198
190876480067,APL-003-0372
190876480068,APL-003-0936
190876480070,APL-003-1214
190876480071,APL-003-0822
190876480073,APL-003-0342
190876480074,APL-003-0408
190876480075,APL-003-0750
190876480076,APL-003-0186
190876480077,APL-003-0588
190876480078,APL-003-0108
190876480079,APL-003-0714
200947027483,APL-003-0960
200947027484,APL-003-0306
200947027485,APL-003-0858
200947027486,APL-003-0678
200947027487,APL-003-0552
200947027490,APL-003-0480
200947027492,APL-003-0516
200947027493,APL-003-0270
200947027495,APL-003-0631
200947027496,APL-003-1026
190876480080,APL-003-1092
190876480083,APL-003-1128
190876480084,APL-003-1168
190876480086,BTY-BKB-018
190876480087,BTY-APL-060
190876480088,BTY-LG-018
190876480090,BTY-COV-106
190876480091,BTY-COV-036
200947027498,APL-003-0150
200947027499,APL-003-0234
200947027500,APL-003-0996
200947027501,APL-003-0444
200947027502,APL-003-1156
200947027503,APL-003-0204
200947027504,APL-003-1204
200947027505,APL-003-1192
200947027507,BTY-SAM-018
200947027508,BTY-MOT-018
200947027509,BTY-AED-174
200947027510,APL-003-0054
200947027511,BTY-HTC-079
200947027512,BTY-AED-066
200947027513,BTY-AED-138
200947027514,BTY-LG-036
200947027515,BTY-HTC-024
200947027516,BTY-APL-006
190876480089,BTY-AED-102
190876480092,FLX-UCP-012
190876480093,BTY-COV-072
190876480094,BTY-HTC-054
190876480095,BTY-AED-030
190876480097,BTY-SAM-030
200947027517,FLX-UCP-108
200947027518,APL-003-0780
200947027519,BTY-AED-204
190876480103,APL-003-0864
190876480108,APL-003-0378
200947027522,APL-003-0966
200947027524,APL-003-0312
200947027525,APL-003-0828
200947027526,FLX-UCP-048
200947027527,APL-003-0348
200947027528,APL-003-0756
200947027529,APL-003-0684
200947027530,APL-003-0114
190876480111,APL-003-0632
190876480112,APL-003-1002
190876480115,APL-003-1134
190876480116,APL-003-0206
190876480117,APL-003-0240
190876480118,APL-003-0156
190876480119,APL-003-0648
190876480123,APL-003-1182
190876480125,APL-003-1206
190876480126,APL-003-0060
190876480130,BTY-LG-036
200947027531,APL-003-0522
200947027532,APL-003-1098
200947027533,APL-003-0720
200947027534,APL-003-1062
200947027535,APL-003-1158
200947027539,BTY-COV-042
200947027540,BTY-HTC-090
190876480128,BTY-APL-012
190876480129,APL-003-1170
190876480131,BTY-MOT-024
190876480134,APL-003-1194
190876480135,APL-003-0786
190876480136,APL-003-0558
190876480137,BTY-COV-108
190876480138,APL-003-0190
190876480139,BTY-AED-036
190876480140,APL-003-0894
190876480141,APL-003-0276
190876480142,APL-003-0594
190876480143,BTY-SAM-037
200947027541,BTY-APL-066
200947027542,BTY-AED-072
200947027543,BTY-HTC-030
200947027544,BTY-SAM-018
200947027546,BTY-AED-180
200947027547,BTY-COV-006
200947027548,SRN-BLB-002
200947027549,BTY-AED-246
200947027551,BTY-COV-078
200947027552,APL-003-0486
200947027553,APL-003-1030
200947027554,FLX-UCP-090
200947027555,BTY-AED-108
190876480144,BTY-AED-210
190876480145,BTY-LG-018
200947027558,APL-003-0972
200947027560,APL-003-1216
190876480147,APL-003-1104
190876480150,APL-003-1172
190876480151,APL-003-1140
200947027563,APL-003-1004
190876480154,APL-003-1184
190876480158,APL-003-1208
190876480163,BTY-MOT-024
190876480164,BTY-COV-048
190876480166,BTY-SAM-018
190876480167,APL-003-0792
190876480168,BTY-AED-078
190876480169,BTY-COV-012
190876480170,BTY-AED-150
190876480172,BTY-AED-042
200947027565,APL-003-1160
200947027567,BTY-LG-006
200947027568,APL-003-0078
200947027569,BTY-AED-182
200947027570,BTY-APL-072
200947027571,APL-003-1196
200947027572,BTY-APL-024
200947027573,BTY-AED-252
190876480173,APL-003-1032
200947027574,BTY-COV-084
200947027575,BTY-AED-114
200947027577,BTY-LG-024
200947027579,FLX-UCP-096
190876480176,BTY-HTC-066
190876480181,FLX-UCP-024
190876480182,FLX-UCP-066
190876480183,BTY-AED-216
200947027583,APL-003-0900
190876480189,APL-003-1068
200947027586,APL-003-1218
200947027588,FLX-UCP-100
190876480198,BTY-AED-006
200910725572,APL-002-0756
200910733301,ACC-ZRT-090
190818388103,ACC-ZRT-084
200947392753,ACC-SNP-630
200947472011,FLX-UCP-036
190877448534,ACC-APL-0042
190877448535,ACC-APL-0372
190877448536,ACC-APL-0150
190877448537,ACC-APL-0006
190877448538,ACC-APL-1376
190877448539,ACC-APL-0330
190877448540,ACC-APL-0114
190877448541,ACC-APL-0408
190877448542,ACC-APL-0294
190877448543,ACC-APL-1342
190877448545,ACC-APL-1196
190877448546,ACC-APL-1424
190877448547,ACC-APL-0078
190877448548,ACC-APL-1364
190877448549,ACC-APL-1436
190877448550,ACC-APL-0798
200947744669,ACC-APL-0258
200947744670,ACC-APL-1318
200947744672,ACC-APL-0186
200947744673,ACC-APL-0222
200947744674,ACC-APL-1388
200947744675,ACC-APL-1400
200947744677,ACC-APL-1412
200947744679,ACC-APL-1330
200947744680,ACC-APL-1184
190877448562,ACC-SAM-040
190877448563,ACC-SAM-052
190877448565,ACC-SAM-076
190877448574,ACC-SAM-162
200947744689,ACC-APL-0516
200947744690,ACC-APL-0570
200947744691,ACC-APL-1294
200947744692,ACC-APL-1306
200947744694,ACC-SAM-028
200947744696,ACC-SAM-102
200947744697,ACC-APL-0606
200947744698,ACC-SAM-150
200947744699,ACC-SAM-088
190877448561,ACC-APL-1352
190877448571,ACC-APL-0480
190877448572,ACC-SAM-114
190877448584,ACC-SAM-198
190877448587,ACC-APL-0642
190877448588,ACC-APL-0720
190877448591,ACC-APL-0762
200947744701,ACC-SAM-138
200947744703,ACC-SAM-126
200947744708,ACC-APL-0684
200947744709,ACC-APL-0444
200947744711,ACC-APL-0906
190877448590,ACC-APL-0834
190877448596,ACC-APL-1122
190877448598,ACC-APL-1158
190877448602,ACC-APL-1050
190877448605,ACC-APL-1220
190877448608,ACC-SAM-006
190877448610,ACC-SAM-016
200947744712,ACC-APL-0978
200947744718,ACC-APL-0942
200947744720,ACC-APL-1086
200947744721,ACC-APL-1014
200947744723,ACC-APL-0870
200947744726,ACC-APL-1208
200947744727,ACC-APL-1174
200947744728,ACC-APL-1282
200947744729,ACC-APL-1268
200947744733,ACC-APL-1378
200947744736,ACC-APL-0228
190877448613,ACC-APL-1438
190877448617,ACC-APL-1308
190877448621,ACC-SAM-090
190877448622,ACC-APL-0084
190877448623,ACC-SAM-078
190877448624,ACC-APL-1344
190877448625,ACC-SAM-054
190877448626,ACC-SAM-104
190877448627,ACC-APL-0300
190877448628,ACC-SAM-128
190877448632,ACC-SAM-188
200947744737,ACC-APL-0804
200947744738,ACC-APL-0120
200947744739,ACC-APL-1186
200947744742,ACC-APL-0576
200947744746,ACC-SAM-164
200947744748,ACC-APL-0612
200947744749,ACC-APL-0012
200947744750,ACC-APL-0378
200947744752,ACC-APL-1296
200947744753,ACC-APL-1390
200947744754,ACC-SAM-042
200947744755,ACC-SAM-152
200947744756,ACC-SAM-140
200947744757,ACC-SAM-030
200947744759,ACC-SAM-116
190877448630,ACC-APL-0522
190877448635,ACC-SAM-200
190877448637,ACC-APL-1354
190877448642,ACC-APL-0912
190877448643,ACC-APL-0768
190877448646,ACC-SAM-220
190877448649,ACC-SAM-232
190877448650,ACC-SAM-268
190877448651,ACC-APL-0336
190877448652,ACC-APL-1366
190877448653,ACC-SAM-256
190877448654,ACC-APL-1402
190877448655,ACC-APL-0048
190877448656,ACC-APL-0192
190877448657,ACC-APL-0264
190877448658,ACC-APL-0156
190877448660,ACC-APL-1320
200947744761,ACC-SAM-176
200947744765,ACC-APL-0690
200947744766,ACC-APL-0648
200947744768,ACC-SAM-246
200947744770,ACC-APL-1414
200947744771,ACC-APL-0840
200947744772,ACC-APL-0414
200947744773,ACC-APL-0450
200947744774,ACC-APL-0486
200947744776,ACC-APL-1332
200947744778,ACC-APL-0726
200947744779,ACC-APL-0984
190877448664,ACC-APL-0948
190877448668,ACC-APL-1284
190877448670,ACC-APL-1246
190877448674,ACC-APL-1210
190877448675,ACC-APL-1056
190877448677,ACC-SAM-018
190877448678,ACC-APL-1450
190877448680,ACC-APL-1164
200947744781,ACC-APL-1128
200947744783,ACC-APL-1092
200947744784,ACC-APL-1176
200947744785,ACC-APL-1020
200947744787,ACC-APL-1270
200947744790,ACC-APL-1234
200947744793,ACC-APL-0234
200947744794,ACC-SAM-008
200947744795,ACC-APL-1428
190877448684,ACC-APL-1380
190877448686,ACC-APL-1188
190877448691,ACC-APL-1440
190877448693,ACC-SAM-166
190877448695,ACC-APL-0306
190877448697,ACC-APL-0090
190877448698,ACC-APL-1298
190877448699,ACC-APL-0018
190877448701,ACC-SAM-080
190877448702,ACC-SAM-118
190877448704,ACC-APL-1346
190877448705,ACC-APL-0384
190877448707,ACC-SAM-142
190877448708,ACC-APL-0618
190877448709,ACC-APL-0528
200947744797,ACC-APL-0810
200947744799,ACC-APL-1310
200947744802,ACC-APL-0126
200947744804,ACC-APL-0582
200947744805,ACC-SAM-106
200947744808,ACC-SAM-056
200947744810,ACC-SAM-190
200947744811,ACC-APL-1392
200947744812,ACC-SAM-154
200947744813,ACC-SAM-092
200947744814,ACC-SAM-130
200947744815,ACC-SAM-032
200947744816,ACC-SAM-044
190877448714,ACC-APL-0696
190877448716,ACC-APL-1322
190877448727,ACC-SAM-258
190877448738,ACC-APL-0270
190877448739,ACC-APL-0774
190877448743,ACC-APL-1368
190877448749,ACC-APL-1416
190877448750,ACC-SAM-234
190877448751,ACC-SAM-270
190877448753,ACC-APL-0420
200947744819,ACC-SAM-202
200947744820,ACC-APL-1356
200947744821,ACC-APL-0918
200947744824,ACC-SAM-248
200947744827,ACC-SAM-222
200947744828,ACC-APL-0990
200947744831,ACC-APL-1404
200947744832,ACC-APL-0846
200947744833,ACC-APL-0492
200947744835,ACC-APL-0162
200947744836,ACC-APL-0342
200947744839,ACC-APL-0654
200947744843,ACC-APL-0732
200947744844,ACC-APL-0054
200947744845,ACC-APL-1098
200947744846,ACC-APL-1248
190877448756,ACC-APL-0456
190877448757,ACC-APL-1026
190877448758,ACC-APL-0882
190877448764,ACC-APL-0240
190877448768,ACC-SAM-009
190877448770,ACC-APL-1212
190877448771,ACC-APL-0816
200947744842,ACC-APL-1334
200947744847,ACC-APL-1134
200947744848,ACC-APL-1177
200947744849,ACC-APL-1272
200947744854,ACC-APL-1236
200947744855,ACC-APL-1224
200947744856,ACC-APL-1452
200947744858,ACC-APL-1430
200947744860,ACC-APL-1382
200947744861,ACC-APL-1442
200947744863,ACC-APL-1166
190877448775,ACC-SAM-020
190877448779,ACC-APL-1312
190877448785,ACC-APL-1300
190877448787,ACC-SAM-192
190877448789,ACC-SAM-212
190877448792,ACC-SAM-168
190877448793,ACC-SAM-082
190877448797,ACC-APL-0096
190877448799,ACC-SAM-132
190877448800,ACC-APL-1394
190877448801,ACC-SAM-046
190877448802,ACC-SAM-094
190877448803,ACC-SAM-156
190877448806,ACC-APL-0702
200947744865,ACC-APL-0312
200947744867,ACC-APL-0588
200947744868,ACC-SAM-108
200947744869,ACC-APL-0132
200947744870,ACC-SAM-120
200947744871,ACC-APL-1348
200947744872,ACC-SAM-070
200947744875,ACC-SAM-144
200947744876,ACC-APL-0024
200947744877,ACC-APL-0624
200947744878,ACC-SAM-034
200947744882,ACC-SAM-204
200947744884,ACC-APL-1358
200947744885,ACC-APL-0534
200947744886,ACC-APL-0924
190877448809,ACC-APL-0780
190877448810,ACC-SAM-250
190877448811,ACC-SAM-224
190877448814,ACC-APL-1406
190877448817,ACC-APL-0660
190877448818,ACC-SAM-238
190877448820,ACC-APL-0738
190877448825,ACC-APL-0060
190877448830,ACC-APL-1178
190877448831,ACC-APL-0852
200947744900,ACC-APL-0996
200947744901,ACC-APL-1324
200947744904,ACC-APL-1370
200947744905,ACC-APL-0960
200947744906,ACC-SAM-260
200947744907,ACC-APL-0276
200947744908,ACC-APL-0204
200947744910,ACC-APL-0168
200947744911,ACC-APL-1418
200947744913,ACC-APL-0354
200947744915,ACC-APL-1250
200947744919,ACC-APL-1032
190877448835,ACC-APL-1432
190877448837,ACC-APL-1238
190877448842,ACC-SAM-010
190877448843,ACC-APL-1314
190877448844,ACC-APL-1384
190877448846,ACC-APL-0318
190877448847,ACC-SAM-022
190877448848,ACC-APL-1302
200947744914,ACC-APL-1104
200947744921,ACC-APL-1336
200947744922,ACC-APL-1288
200947744923,ACC-APL-0888
200947744924,ACC-APL-1068
200947744925,ACC-APL-1274
200947744926,ACC-SAM-272
200947744930,ACC-APL-1454
200947744931,ACC-APL-0822
200947744933,ACC-APL-1168
200947744934,ACC-APL-0462
200947744935,ACC-APL-1214
200947744936,ACC-APL-1444
200947744938,ACC-APL-1192
200947744942,ACC-SAM-110
200947744943,ACC-SAM-214
190877448845,ACC-APL-0594
190877448849,ACC-APL-1350
190877448851,ACC-SAM-134
190877448852,ACC-SAM-036
190877448853,ACC-SAM-170
190877448861,ACC-APL-1326
190877448862,ACC-SAM-206
190877448863,ACC-APL-1360
190877448864,ACC-APL-1204
190877448865,ACC-APL-0540
190877448866,ACC-APL-0708
190877448868,ACC-APL-0102
190877448871,ACC-SAM-182
190877448876,ACC-APL-0966
200947744941,ACC-SAM-122
200947744944,ACC-SAM-194
200947744945,ACC-APL-0138
200947744946,ACC-APL-0030
200947744947,ACC-SAM-146
200947744950,ACC-APL-1396
200947744952,ACC-SAM-084
200947744954,ACC-APL-0630
200947744955,ACC-SAM-098
200947744956,ACC-APL-0930
200947744959,ACC-SAM-048
200947744962,ACC-APL-1002
190877448872,ACC-APL-1372
190877448878,ACC-APL-0210
190877448879,ACC-SAM-252
190877448880,ACC-APL-1038
190877448881,ACC-APL-1408
190877448882,ACC-APL-0786
190877448884,ACC-APL-0672
190877448885,ACC-APL-1252
190877448887,ACC-APL-1290
190877448888,ACC-APL-0066
190877448893,ACC-SAM-274
200947744963,ACC-SAM-226
200947744964,ACC-APL-0174
200947744965,ACC-SAM-262
200947744967,ACC-APL-0504
200947744968,ACC-APL-0432
200947744969,ACC-APL-1420
200947744970,ACC-APL-1146
200947744971,ACC-APL-0360
200947744972,ACC-APL-0282
200947744973,ACC-SAM-240
200947744974,ACC-APL-0744
200947744977,ACC-APL-1278
200947744978,ACC-APL-1180
200947744979,ACC-APL-1074
200947744981,ACC-APL-1338
190877448890,ACC-APL-0894
190877448892,ACC-APL-0858
190877448896,ACC-APL-1434
190877448900,ACC-APL-1228
190877448901,ACC-APL-1170
190877448902,ACC-APL-0828
190877448907,ACC-SAM-074
190877448908,ACC-APL-1446
190877448909,ACC-APL-1240
190877448910,ACC-APL-1304
190877448912,ACC-APL-1352
190877448913,ACC-SAM-024
190877448914,ACC-SAM-112
190877448916,ACC-APL-0600
190877448918,ACC-SAM-124
200947744982,ACC-APL-0252
200947744984,ACC-APL-1110
200947744988,ACC-APL-1264
200947744989,ACC-SAM-216
200947744990,ACC-APL-0468
200947744992,ACC-APL-1316
200947744993,ACC-APL-1386
200947744996,ACC-APL-0324
200947744999,ACC-SAM-012
200947745000,ACC-SAM-196
190877448920,ACC-SAM-148
190877448922,ACC-SAM-172
190877448923,ACC-APL-0936
190877448924,ACC-SAM-136
190877448927,ACC-SAM-038
190877448929,ACC-APL-0546
190877448930,ACC-SAM-160
190877448933,ACC-APL-0714
190877448934,ACC-SAM-050
190877448938,ACC-APL-1374
190877448939,ACC-APL-0972
190877448941,ACC-SAM-264
190877448942,ACC-APL-0402
200947744995,ACC-APL-1194
200947745002,ACC-APL-0144
200947745004,ACC-SAM-086
200947745006,ACC-SAM-208
200947745007,ACC-APL-0036
200947745008,ACC-APL-1362
200947745009,ACC-APL-1398
200947745013,ACC-APL-1206
200947745014,ACC-APL-0636
200947745018,ACC-APL-1008
190877448943,ACC-APL-0180
190877448944,ACC-APL-0792
190877448945,ACC-APL-1152
190877448948,ACC-APL-1422
190877448951,ACC-SAM-228
190877448952,ACC-APL-1266
200947745020,ACC-APL-0438
200947745021,ACC-SAM-242
200947745022,ACC-APL-1254
200947745023,ACC-APL-0216
200947745025,ACC-APL-1328
200947745026,ACC-APL-1410
200947745028,ACC-APL-1182
200947745029,ACC-APL-1280
200947745030,ACC-APL-0288
200947745031,ACC-APL-0750
200947745035,ACC-APL-1292
200947745037,ACC-APL-1044
200947745038,ACC-SAM-252
200947745039,ACC-APL-0072
200947745040,ACC-APL-0366
200947745043,ACC-APL-1340
200947745044,ACC-APL-1172
200947745045,ACC-APL-1116
200947745050,ACC-APL-0864
200947745051,ACC-SAM-218
190877448956,ACC-SAM-002
190877448958,ACC-APL-0474
200947745049,ACC-APL-1230
200947745054,ACC-APL-0900
200947745055,ACC-SAM-026
200947745056,ACC-APL-1218
200947745057,ACC-APL-1242
190877448965,ACC-SAM-014
190877448970,ACC-SAM-244
200947745063,ACC-SAM-266
200947745068,ACC-SAM-230
200947745070,ACC-SAM-254
