"Invoice Date",Description,Credit,Debit,Balance,Tracking,Comments
"01/05/15 12:00 AM",,0.00,"30,000.00","-30,000.00",,"Bank Wire Transfer"
"01/08/15 09:13 PM",,327.87,0.00,"-29,672.13",7923885815,"Received 01/08/2015"
"01/08/15 09:13 PM",,163.93,0.00,"-29,508.20",7923888092,"Received 01/08/2015"
"01/08/15 12:00 AM",,0.00,"30,000.00","-59,508.20",,
"01/11/15 09:24 PM",,98.36,0.00,"-59,409.84",2177053454,"Received 01/11/2015"
"01/11/15 09:24 PM",,"6,434.75",0.00,"-52,975.08",2177022024,"Received 01/11/2015"
"01/11/15 09:24 PM",,"5,984.43",0.00,"-46,990.66",2176838812,"Received 01/11/2015"
"01/11/15 09:42 PM",,459.02,0.00,"-46,531.64",2441491614,"Received 01/11/2015"
"01/11/15 09:42 PM",,98.36,0.00,"-46,433.28","2441477636	","Received 01/11/2015"
"01/11/15 09:43 PM",,65.57,0.00,"-46,367.70",2441477054,"Received 01/11/2015"
"01/11/15 10:11 PM",,180.33,0.00,"-46,187.38",2441491113,"Received 01/11/2015"
"01/12/15 08:15 AM",,0.00,0.00,"-46,187.38",2666405033,"Received 01/12/2015"
"01/12/15 08:15 AM",,278.69,0.00,"-45,908.69",1030939394,"Received 01/12/2015"
"01/12/15 08:15 AM",,344.26,0.00,"-45,564.43",1030956216,"Received 01/12/2015"
"01/12/15 08:15 AM",,65.57,0.00,"-45,498.85",1030948052,"Received 01/12/2015"
"01/12/15 08:15 AM",,65.57,0.00,"-45,433.28",5131091490,"Received 01/12/2015"
"01/12/15 08:15 AM",,65.57,0.00,"-45,367.70",5131094905,"Received 01/12/2015"
"01/12/15 08:15 AM",,278.69,0.00,"-45,089.02",---------------!!!!,"Received 01/12/2015"
"01/12/15 08:15 AM",,65.57,0.00,"-45,023.44",2605911254,"Received 01/12/2015"
"01/12/15 08:15 AM",,65.57,0.00,"-44,957.87",2605912831,"Received 01/12/2015"
"01/12/15 09:50 PM",,98.36,0.00,"-44,859.51",1837735244,"Received 01/12/2015"
"01/12/15 10:01 PM",,98.36,0.00,"-44,761.15",1837740726,"Received 01/12/2015"
"01/13/15 10:41 PM",,180.33,0.00,"-44,580.82",2734021765,"Received 01/13/2015"
"01/13/15 10:53 PM",,98.36,0.00,"-44,482.46",2734028065,"Received 01/13/2015"
"01/13/15 12:00 AM",,0.00,"30,000.00","-74,482.46",,
"01/15/15 10:10 PM",,295.08,0.00,"-74,187.38",4291980254,"Received 01/15/2015"
"01/15/15 10:26 PM",,180.33,0.00,"-74,007.05",4291977314,"Received 01/15/2015"
"01/16/15 12:00 AM",,0.00,"25,000.00","-99,007.05",,
"01/18/15 09:30 PM",,"2,131.97",0.00,"-96,875.08",1195920143,"Received 01/18/2015"
"01/27/15 12:00 AM",,"3,954.92",0.00,"-92,920.16",1195916116,"Received 01/18/2015"
"01/20/15 12:00 AM",,0.00,"30,000.00","-122,920.16",,
"02/04/15 10:57 AM",,"4,638.85",0.00,"-118,281.31",2601229551,"Received 01/21/2015"
"01/27/15 11:32 PM",,"4,109.48",0.00,"-114,171.83",3719442775,"Received 01/27/2015"
"01/27/15 12:00 AM",,0.00,"30,000.00","-144,171.83",,
"02/04/15 01:36 PM",,"2,485.29",0.00,"-141,686.54",1ZE5F0600446888443,"Received 01/28/2015"
"02/03/15 11:21 AM",,"6,299.02",0.00,"-135,387.52",1666629473,"Received 01/29/2015"
"02/10/15 02:14 PM",,"4,012.25",0.00,"-131,375.27",2179622804,"Received 01/29/2015"
"02/03/15 11:17 AM",,"4,027.78",0.00,"-127,347.49",2179619234,"Received 01/29/2015"
"01/29/15 12:00 AM",,0.00,"40,000.00","-167,347.49",,
"02/03/15 11:31 AM",,"3,464.05",0.00,"-163,883.44",6185923321,"Received 02/01/2015"
"02/03/15 03:05 PM",,"3,866.01",0.00,"-160,017.42",6185921243,"Received 02/01/2015"
"02/04/15 03:10 PM",,"6,704.90",0.00,"-153,312.52",6185927171,"Received 02/01/2015"
"02/11/15 11:26 AM",,"2,646.57",0.00,"-150,665.95",1ZE5F0600447203840,"Received 02/02/2015"
"02/04/15 04:42 PM",,"7,281.05",0.00,"-143,384.91",4295045565,"Received 02/03/2015"
"02/05/15 12:29 PM",,"7,094.44",0.00,"-136,290.46",4295046755,"Received 02/03/2015"
"02/04/15 03:40 PM",,"6,710.78",0.00,"-129,579.68",4295049054-1,"Received 02/03/2015"
"02/04/15 03:52 PM",,"6,257.35",0.00,"-123,322.32",4295050524,"Received 02/03/2015"
"02/06/15 04:17 PM",,"1,755.88",0.00,"-121,566.44",3039152410,"Received 02/03/2015"
"02/03/15 12:00 AM",,0.00,"40,000.00","-161,566.44",,
"02/09/15 03:17 PM",,"3,922.39",0.00,"-157,644.06",2659947695,"Received 02/05/2015"
"02/05/15 02:48 PM",,"3,806.05",0.00,"-153,838.01",3039141501,"Received 02/05/2015"
"02/06/15 02:20 PM",,"6,646.24",0.00,"-147,191.77",5334386886,"Received 02/05/2015"
"02/09/15 03:57 PM",,"5,927.29",0.00,"-141,264.48",2659952223,"Received 02/05/2015"
"02/05/15 12:00 AM",,0.00,"40,000.00","-181,264.48",,
"02/06/15 03:37 PM",,"6,707.52",0.00,"-174,556.97",5334384790,"Received 02/06/2015"
"02/09/15 02:45 PM",,"6,734.53",0.00,"-167,822.44",4038874420,"Received 02/09/2015"
"02/10/15 04:21 PM",,"8,195.85",0.00,"-159,626.59",6501691140,"Received 02/09/2015"
"02/10/15 12:41 PM",,"3,843.65",0.00,"-155,782.94",1738753096,"Received 02/09/2015"
"02/10/15 01:45 PM",,"2,996.74",0.00,"-152,786.20",1738752422,"Received 02/09/2015"
"02/12/15 02:44 PM",,778.66,0.00,"-152,007.54",3804150081,"Received 02/10/2015"
"02/12/15 02:32 PM",,"3,597.72",0.00,"-148,409.82",3804122744,"Received 02/10/2015"
"02/12/15 12:52 PM",,"3,460.91",0.00,"-144,948.90",3804126045,"Received 02/10/2015"
"02/16/15 02:07 PM",,"7,560.26",0.00,"-137,388.64",1926926573,"Received 02/10/2015"
"02/10/15 12:00 AM",,0.00,"45,000.00","-182,388.64",,
"02/13/15 12:54 PM",,"2,403.91",0.00,"-179,984.73",1926930946,"Received 02/11/2015"
"02/16/15 03:48 PM",,"10,089.58",0.00,"-169,895.16",3793773060,"Received 02/16/2015"
"02/16/15 04:20 PM",,"6,026.06",0.00,"-163,869.10",3093765920,"Received 02/16/2015"
"02/16/15 03:49 PM",,"5,846.91",0.00,"-158,022.19",3793758721,"Received 02/16/2015"
"02/18/15 04:23 PM",,0.00,0.00,"-158,022.19",1ZAY72430450978814,"Received 02/18/2015"
"02/27/15 12:00 AM",,0.00,"13,000.00","-171,022.19",,
"03/01/15 12:00 AM",,"171,022.21",0.00,0.02,,
"03/06/15 02:48 PM",,"13,311.07",0.00,"13,311.09",8981666374-1,"Received 03/02/2015"
"03/02/15 12:00 AM",,0.00,"40,000.00","-26,688.91",,
"03/02/15 12:00 AM","Lost 4 Package Shipping",260.58,0.00,"-26,428.33",,
"03/06/15 02:22 PM",,"2,042.83",0.00,"-24,385.49",7504356930,"Received 03/03/2015"
"03/06/15 01:11 PM",,"7,586.32",0.00,"-16,799.18",7504372503,"Received 03/03/2015"
"03/03/15 12:00 AM","4 Lost shipments","25,363.19",0.00,"8,564.01",,
"03/06/15 01:35 PM",,"7,181.60",0.00,"15,745.61",7504370204-1,"Received 03/04/2015"
"03/06/15 03:28 PM",,"1,549.01",0.00,"17,294.62",3795930095-1,"Received 03/06/2015"
"03/06/15 02:03 PM",,"7,252.44",0.00,"24,547.06",3795748202,"Received 03/06/2015"
"03/06/15 02:14 PM",,"10,172.64",0.00,"34,719.70",3795745575-1,"Received 03/06/2015"
"03/06/15 12:00 AM",,0.00,"30,000.00","4,719.70",,
"03/11/15 12:19 PM",,"6,319.22",0.00,"11,038.92",1709087041,"Received 03/08/2015"
"03/11/15 11:45 AM",,"6,394.14",0.00,"17,433.05",7725913425,"Received 03/09/2015"
"03/11/15 12:05 PM",,"2,603.26",0.00,"20,036.31",7725913952,"Received 03/09/2015"
"03/11/15 03:07 PM",,"1,202.04",0.00,"21,238.35",4339751242,"Received 03/10/2015"
"03/11/15 02:18 PM",,"10,666.94",0.00,"31,905.29",4339748442,"Received 03/10/2015"
"03/11/15 12:50 PM",,"5,175.08",0.00,"37,080.37",4339753062,"Received 03/10/2015"
"03/11/15 01:27 PM",,"2,058.31",0.00,"39,138.67",9578117065,"Received 03/10/2015"
"03/13/15 01:53 PM",,"1,268.97",0.00,"40,407.65",3415899771,"Received 03/10/2015"
"03/13/15 01:47 PM",,"2,896.74",0.00,"43,304.39",3415913056,"Received 03/10/2015"
"03/13/15 12:19 PM",,"3,566.78",0.00,"46,871.16",3415902420,"Received 03/10/2015"
"03/13/15 12:15 PM",,"3,542.35",0.00,"50,413.51",3415896562,"Received 03/10/2015"
"03/10/15 12:00 AM",,0.00,"40,000.00","10,413.51",,
"03/16/15 12:32 PM",,"3,127.04",0.00,"13,540.55",1816568051,"Received 03/11/2015"
"03/16/15 12:50 PM",,"3,876.22",0.00,"17,416.77",1816562425,"Received 03/11/2015"
"03/16/15 04:37 PM",,"5,639.25",0.00,"23,056.02",1816565645,"Received 03/11/2015"
"03/16/15 02:16 PM",,"6,378.66",0.00,"29,434.68",1816570895,"Received 03/11/2015"
"03/16/15 02:53 PM",,"6,872.96",0.00,"36,307.65",2449449741,"Received 03/12/2015"
"03/16/15 12:13 PM",,"2,821.66",0.00,"39,129.31",2449419711,"Received 03/12/2015"
"03/16/15 12:59 PM",,"3,000.81",0.00,"42,130.12",2449442870,"Received 03/12/2015"
"03/17/15 12:20 PM",,"2,939.74",0.00,"45,069.86",2449445250,"Received 03/12/2015"
"03/13/15 12:00 AM",,0.00,"40,000.00","5,069.86",,
"03/16/15 01:22 PM",,"5,643.32",0.00,"10,713.18",6772202673,"Received 03/15/2015"
"03/16/15 12:23 PM",,"1,807.82",0.00,"12,521.00",6772196756,"Received 03/15/2015"
"03/16/15 12:52 PM",,"2,873.78",0.00,"15,394.78",6772199280,"Received 03/15/2015"
"03/18/15 10:49 AM",,"6,660.08",0.00,"22,054.86",8584678686,"Received 03/15/2015"
"03/17/15 03:02 PM",,"1,905.04",0.00,"23,959.90",8584678502,"Received 03/16/2015"
"03/23/15 04:29 PM",,439.84,0.00,"24,399.74",6639315082,"Received 03/16/2015"
"03/23/15 03:31 PM",,"3,800.81",0.00,"28,200.55",6639318033,"Received 03/16/2015"
"03/23/15 04:03 PM",,"4,207.32",0.00,"32,407.87",6639320343,"Received 03/16/2015"
"03/24/15 03:53 PM",,753.50,0.00,"33,161.37",6639312890,"Received 03/16/2015"
"03/20/15 01:27 PM",,"8,883.74",0.00,"42,045.11",9903367423,"Received 03/17/2015"
"03/20/15 11:32 AM",,"3,841.46",0.00,"45,886.57",9903170852,"Received 03/17/2015"
"03/17/15 12:00 AM",,0.00,"40,000.00","5,886.57",,
"03/20/15 12:02 PM",,"4,073.17",0.00,"9,959.74",9903168951,"Received 03/18/2015"
"03/24/15 02:11 PM",,"2,558.54",0.00,"12,518.28",2214030652,"Received 03/18/2015"
"03/23/15 04:12 PM",,"3,089.43",0.00,"15,607.71",2214032542,"Received 03/18/2015"
"03/23/15 03:55 PM",,"3,317.07",0.00,"18,924.78",2214035585,"Received 03/18/2015"
"03/23/15 03:28 PM",,"3,725.20",0.00,"22,649.98",2214042014,"Received 03/19/2015"
"03/24/15 11:50 AM",,"2,772.36",0.00,"25,422.34",6520266082,"Received 03/19/2015"
"03/23/15 04:38 PM",,"3,991.87",0.00,"29,414.21",6520239902,"Received 03/19/2015"
"03/23/15 04:45 PM",,"4,471.54",0.00,"33,885.76",6520245314,"Received 03/19/2015"
"03/20/15 12:00 AM",,0.00,"40,000.00","-6,114.24",,
"03/25/15 04:06 PM",,"1,439.19",0.00,"-4,675.06",6195044925,"Received 03/22/2015"
"03/25/15 02:04 PM",,"1,652.85",0.00,"-3,022.21",6195046546,"Received 03/22/2015"
"03/23/15 03:43 PM",,"3,739.84",0.00,717.63,6195047806,"Received 03/22/2015"
"03/24/15 12:29 PM",,"5,873.98",0.00,"6,591.61",1744714366,"Received 03/22/2015"
"03/25/15 01:12 PM",,"5,128.18",0.00,"11,719.79",1744715055,"Received 03/22/2015"
"03/26/15 10:44 AM",,"2,780.49",0.00,"14,500.28",5227249834,"Received 03/23/2015"
"03/26/15 11:40 AM",,"2,439.02",0.00,"16,939.30",5227252866,"Received 03/23/2015"
"03/26/15 03:21 PM",,"1,255.28",0.00,"18,194.59",4065069256,"Received 03/24/2015"
"03/26/15 11:05 AM",,"2,213.82",0.00,"20,408.41",4065070951,"Received 03/24/2015"
"03/24/15 12:00 AM",,0.00,"40,000.00","-19,591.59",,
"03/26/15 01:40 PM",,"7,862.60",0.00,"-11,728.99",4065066596,"Received 03/25/2015"
"03/30/15 10:50 AM",,"2,658.54",0.00,"-9,070.46",8419859442,"Received 03/25/2015"
"03/30/15 10:50 AM",,"3,078.05",0.00,"-5,992.41",8419861100,"Received 03/25/2015"
"03/30/15 02:20 PM",,"3,471.54",0.00,"-2,520.86",8419863620,"Received 03/25/2015"
"03/30/15 11:12 AM",,"2,581.30",0.00,60.44,9023950283,"Received 03/27/2015"
"03/30/15 11:57 AM",,"7,207.32",0.00,"7,267.76",3542206091,"Received 03/27/2015"
"03/30/15 11:20 AM",,"3,422.76",0.00,"10,690.52",3542210862,"Received 03/27/2015"
"03/31/15 04:28 PM",,641.79,0.00,"11,332.31",5004155074,"Received 03/29/2015"
"04/01/15 01:46 PM",,"4,073.17",0.00,"15,405.48",5004142894,"Received 03/30/2015"
"03/31/15 03:53 PM",,"3,008.13",0.00,"18,413.61",5004142522,"Received 03/30/2015"
"04/03/15 02:19 PM",,"5,556.91",0.00,"23,970.52",6308764641,"Received 03/31/2015"
"04/03/15 11:29 AM",,"2,875.77",0.00,"26,846.29",6308543371,"Received 03/31/2015"
"04/03/15 10:45 AM",,"3,196.75",0.00,"30,043.04",6308541282,"Received 03/31/2015"
"03/31/15 12:00 AM",,0.00,"40,000.00","-9,956.96",,
"03/31/15 12:00 AM","China Facility Support (12600 RMB with 6.15 exchange rate)","2,048.78",0.00,"-7,908.18",,
"04/03/15 12:54 PM",,"6,256.12",0.00,"-1,652.06",3296519461,"Received 04/01/2015"
"04/03/15 10:34 AM",,"2,370.31",0.00,718.25,3296463354,"Received 04/01/2015"
"04/07/15 03:01 PM",,890.07,0.00,"1,608.31",9696872010,"Received 04/06/2015"
"04/07/15 11:33 AM",,"2,893.56",0.00,"4,501.87",9696870540,"Received 04/06/2015"
"04/07/15 02:16 PM",,"8,119.74",0.00,"12,621.61",5996531391,"Received 04/06/2015"
"04/07/15 10:56 AM",,"2,920.07",0.00,"15,541.67",5996532205,"Received 04/06/2015"
"04/09/15 04:09 PM",,"8,278.96",0.00,"23,820.63",6877260530,"Received 04/08/2015"
"04/09/15 11:32 AM",,"2,080.75",0.00,"25,901.38",6877258043,"Received 04/08/2015"
"04/09/15 11:36 AM",,"2,920.07",0.00,"28,821.45",6877256212,"Received 04/08/2015"
"04/10/15 11:18 AM",,"2,920.07",0.00,"31,741.51",3230572881,"Received 04/08/2015"
"04/08/15 12:00 AM",,0.00,"34,400.00","-2,658.49",,
"04/13/15 01:19 PM",,"7,485.32",0.00,"4,826.83",8398470570,"Received 04/11/2015"
"04/14/15 02:21 PM",,"2,327.90",0.00,"7,154.72",2276506595,"Received 04/11/2015"
"04/14/15 12:57 PM",,986.95,0.00,"8,141.67",2276499400,"Received 04/11/2015"
"04/13/15 11:17 AM",,"3,798.53",0.00,"11,940.21",8398461116,"Received 04/13/2015"
"04/13/15 11:05 AM",,"3,499.18",0.00,"15,439.39",8398462730,"Received 04/13/2015"
"04/14/15 12:07 PM",,"4,019.58",0.00,"19,458.97",2276502653,"Received 04/13/2015"
"04/20/15 03:53 PM",,"3,274.06",0.00,"22,733.03",5150331690,"Received 04/13/2015"
"04/15/15 11:37 AM",,"5,448.61",0.00,"28,181.64",5117639461,"Received 04/13/2015"
"04/13/15 12:00 AM",,0.00,"40,000.00","-11,818.36",,
"04/15/15 12:43 PM",,"3,409.46",0.00,"-8,408.90",5117621320,"Received 04/15/2015"
"04/16/15 11:43 AM",,"2,185.97",0.00,"-6,222.93",5117633301,"Received 04/15/2015"
"04/16/15 01:09 PM",,"1,311.58",0.00,"-4,911.34",5117635051,"Received 04/15/2015"
"04/16/15 02:20 PM",,"5,236.54",0.00,325.20,9492145950,"Received 04/15/2015"
"04/20/15 12:10 PM",,"3,254.49",0.00,"3,579.68",9492203814,"Received 04/15/2015"
"04/20/15 11:58 AM",,"3,303.43",0.00,"6,883.11",9492205763,"Received 04/15/2015"
"04/20/15 11:49 AM",,"2,691.68",0.00,"9,574.79",9151066374,"Received 04/15/2015"
"04/20/15 12:40 PM",,"2,756.93",0.00,"12,331.72",9151067623,"Received 04/15/2015"
"04/20/15 02:30 PM",,712.64,0.00,"13,044.37",2512099962,"Received 04/16/2015"
"04/20/15 01:27 PM",,"6,823.00",0.00,"19,867.37",2512102784,"Received 04/16/2015"
"04/20/15 11:23 AM",,"3,221.86",0.00,"23,089.23",2512008100,"Received 04/16/2015"
"04/20/15 10:57 AM",,"4,106.85",0.00,"27,196.08",2512006276,"Received 04/16/2015"
"04/20/15 11:11 AM",,"1,507.34",0.00,"28,703.42",7064995162,"Received 04/17/2015"
"04/20/15 12:22 PM",,"1,272.43",0.00,"29,975.85",7064997273,"Received 04/17/2015"
"04/20/15 11:35 AM",,"3,075.04",0.00,"33,050.89",7064998253,"Received 04/17/2015"
"04/17/15 12:00 AM",,0.00,"25,000.00","8,050.89",,
"04/22/15 12:00 PM",,"3,839.31",0.00,"11,890.21",2976601821,"Received 04/19/2015"
"04/22/15 03:35 PM",,"7,221.21",0.00,"19,111.41",2976569772,"Received 04/20/2015"
"04/22/15 03:01 PM",,"4,606.04",0.00,"23,717.45",2976601283,"Received 04/20/2015"
"04/22/15 12:33 PM",,"3,461.66",0.00,"27,179.11",3864549356,"Received 04/20/2015"
"04/22/15 03:22 PM",,"7,762.56",0.00,"34,941.67",3864547341,"Received 04/20/2015"
"04/20/15 12:00 AM",,0.00,"30,000.00","4,941.67",,
"04/23/15 12:35 PM",,"5,907.83",0.00,"10,849.50",7619213044,"Received 04/22/2015"
"04/23/15 11:22 AM",,"4,567.70",0.00,"15,417.20",7619109256,"Received 04/22/2015"
"04/23/15 11:15 AM",,"4,665.58",0.00,"20,082.78",7619293205,"Received 04/22/2015"
"04/27/15 12:35 PM",,"3,588.91",0.00,"23,671.69",5394729200,"Received 04/22/2015"
"04/27/15 12:43 PM",,"3,654.16",0.00,"27,325.85",5394730681,"Received 04/22/2015"
"04/27/15 01:18 PM",,"3,192.50",0.00,"30,518.35",5394733164,"Received 04/22/2015"
"04/27/15 04:08 PM",,"2,485.32",0.00,"33,003.66",4824561114,"Received 04/23/2015"
"04/27/15 01:00 PM",,"1,298.53",0.00,"34,302.20",4824520890,"Received 04/23/2015"
"04/23/15 12:00 AM",,0.00,"30,000.00","4,302.20",,
"04/27/15 03:41 PM",,"2,929.04",0.00,"7,231.23",6494070601,"Received 04/26/2015"
"04/27/15 01:06 PM",,"1,876.02",0.00,"9,107.25",6494069212,"Received 04/26/2015"
"04/27/15 01:27 PM",,"2,389.89",0.00,"11,497.14",6494067705,"Received 04/26/2015"
"04/27/15 03:27 PM",,"5,884.18",0.00,"17,381.31",4824518985,"Received 04/27/2015"
"05/01/15 10:44 AM",,"1,453.02",0.00,"18,834.33",8230036452,"Received 04/27/2015"
"04/29/15 03:54 PM",,"6,939.64",0.00,"25,773.97",6086428552,"Received 04/27/2015"
"04/30/15 12:02 PM",,"3,221.86",0.00,"28,995.83",6086428880,"Received 04/27/2015"
"05/04/15 11:31 AM",,"4,406.04",0.00,"33,401.87",6086429311,"Received 04/27/2015"
"05/11/15 01:49 PM",,"2,659.05",0.00,"36,060.92",6086429565,"Received 04/27/2015"
"04/30/15 02:48 PM",,"4,229.20",0.00,"40,290.12",7599697991,"Received 04/28/2015"
"04/30/15 12:14 PM",,"1,407.01",0.00,"41,697.14",7599699785,"Received 04/28/2015"
"04/30/15 12:06 PM",,"1,606.85",0.00,"43,303.99",7599701163,"Received 04/28/2015"
"05/01/15 11:17 AM",,"3,426.26",0.00,"46,730.25",8232327832,"Received 04/28/2015"
"05/05/15 03:16 PM",,"2,781.40",0.00,"49,511.66",8232324660,"Received 04/28/2015"
"05/05/15 04:09 PM",,"1,945.35",0.00,"51,457.01",8232322335,"Received 04/28/2015"
"04/28/15 12:00 AM",,0.00,"40,000.00","11,457.01",,
"05/01/15 10:57 AM",,"3,605.22",0.00,"15,062.23",8232326362,"Received 04/30/2015"
"04/30/15 12:00 AM","Material, iPad Boxes, Samsung Boxes, Foam","6,867.86",0.00,"21,930.09",,
"04/30/15 12:00 AM","China Facility Support (12600 RMB with 6.13 exchange rate)","2,055.46",0.00,"23,985.55",,
"05/04/15 10:48 AM",,"5,601.63",0.00,"29,587.18",8232304710,"Received 05/01/2015"
"05/05/15 02:21 PM",,"1,725.12",0.00,"31,312.30",5154140213,"Received 05/03/2015"
"05/04/15 10:51 AM",,"3,592.99",0.00,"34,905.29",5154136046,"Received 05/03/2015"
"05/05/15 12:43 PM",,"3,592.99",0.00,"38,498.27",5154138080,"Received 05/03/2015"
"05/05/15 10:00 AM",,712.15,0.00,"39,210.43",5154144155,"Received 05/03/2015"
"05/05/15 12:37 PM",,"8,246.33",0.00,"47,456.76",4236298791,"Received 05/04/2015"
"05/05/15 12:13 PM",,"2,553.02",0.00,"50,009.77",4236399020,"Received 05/04/2015"
"05/05/15 12:08 PM",,"2,853.18",0.00,"52,862.95",4236399344,"Received 05/04/2015"
"05/04/15 12:00 AM",,0.00,"40,000.00","12,862.95",,
"05/06/15 10:56 AM",,"2,553.02",0.00,"15,415.97",7761983703,"Received 05/05/2015"
"05/06/15 10:49 AM",,"3,356.44",0.00,"18,772.42",7761981485,"Received 05/06/2015"
"05/07/15 03:34 PM",,"5,921.70",0.00,"24,694.11",6633830792,"Received 05/07/2015"
"05/07/15 10:50 AM",,"2,218.60",0.00,"26,912.71",6633832435,"Received 05/07/2015"
"05/08/15 04:28 PM",,"5,174.55",0.00,"32,087.26",7978522576,"Received 05/08/2015"
"05/08/15 12:39 PM",,"3,384.99",0.00,"35,472.25",7978246780,"Received 05/08/2015"
"05/08/15 12:43 PM",,"2,634.58",0.00,"38,106.84",7978244245,"Received 05/08/2015"
"05/12/15 11:19 AM",,"2,301.79",0.00,"40,408.63",4180392591,"Received 05/08/2015"
"05/12/15 11:56 AM",,"8,181.89",0.00,"48,590.52",4180437660,"Received 05/08/2015"
"05/08/15 12:00 AM",,0.00,"30,000.00","18,590.52",,
"05/14/15 03:29 PM",,"6,685.97",0.00,"25,276.49",6657639214,"Received 05/12/2015"
"05/12/15 11:28 AM",,"4,029.36",0.00,"29,305.86",4180393980,"Received 05/12/2015"
"05/13/15 02:19 PM",,"2,334.42",0.00,"31,640.28",2907729650,"Received 05/12/2015"
"05/13/15 12:44 PM",,"3,050.57",0.00,"34,690.85",2907731691,"Received 05/12/2015"
"05/12/15 12:00 AM",,0.00,"40,000.00","-5,309.15",,
"05/13/15 01:39 PM",,"9,216.15",0.00,"3,907.00",2907822164,"Received 05/13/2015"
"05/18/15 09:37 AM",,"3,597.06",0.00,"7,504.06",6657640695,"Received 05/13/2015"
"05/18/15 10:32 AM",,"1,128.87",0.00,"8,632.94",7183908550,"Received 05/13/2015"
"05/18/15 09:40 AM",,"2,512.23",0.00,"11,145.17",7182404353,"Received 05/13/2015"
"05/18/15 12:31 PM",,65.25,0.00,"11,210.43",7182395706,"Received 05/13/2015"
"05/18/15 12:40 PM",,"3,409.46",0.00,"14,619.89",7182400912,"Received 05/13/2015"
"05/18/15 09:34 AM",,"1,428.22",0.00,"16,048.11",7182408074,"Received 05/14/2015"
"05/18/15 04:50 PM",,"1,524.06",0.00,"17,572.17",5102939586,"Received 05/15/2015"
"05/18/15 03:09 PM",,"3,229.20",0.00,"20,801.37",1686669810,"Received 05/15/2015"
"05/18/15 11:45 AM",,"2,528.55",0.00,"23,329.92",1686666520,"Received 05/15/2015"
"05/18/15 12:17 PM",,65.25,0.00,"23,395.17",1686664254,"Received 05/15/2015"
"05/15/15 12:00 AM",,0.00,"30,000.00","-6,604.83",,
"05/18/15 02:30 PM",,"6,327.90",0.00,-276.93,2410418485,"Received 05/17/2015"
"05/18/15 12:02 PM",,"1,718.60",0.00,"1,441.67",1678084634,"Received 05/17/2015"
"05/18/15 12:13 PM",,"2,765.09",0.00,"4,206.76",1678086281,"Received 05/17/2015"
"05/18/15 12:30 PM",,"3,580.75",0.00,"7,787.51",1678087751,"Received 05/17/2015"
"05/19/15 02:15 PM",,"1,199.02",0.00,"8,986.53",8915028080,"Received 05/18/2015"
"05/19/15 02:23 PM",,"1,676.18",0.00,"10,662.71",8915027833,"Received 05/18/2015"
"05/19/15 02:35 PM",,"1,337.68",0.00,"12,000.39",8915027623,"Received 05/18/2015"
"05/20/15 01:28 PM",,"11,942.09",0.00,"23,942.48",8271616754,"Received 05/19/2015"
"05/21/15 11:15 AM",,"2,487.77",0.00,"26,430.25",8271620733,"Received 05/19/2015"
"05/21/15 11:14 AM",,"1,663.95",0.00,"28,094.19",8271624561,"Received 05/19/2015"
"05/20/15 12:06 PM",,"2,629.69",0.00,"30,723.88",8271633941,"Received 05/20/2015"
"05/20/15 10:38 AM",,"3,613.38",0.00,"34,337.26",8271618773,"Received 05/20/2015"
"05/21/15 11:08 AM",,"1,835.24",0.00,"36,172.50",1780934864,"Received 05/20/2015"
"05/21/15 01:40 PM",,"8,462.48",0.00,"44,634.98",3260698641,"Received 05/20/2015"
"05/21/15 01:20 PM",,"1,941.27",0.00,"46,576.25",3260751001,"Received 05/20/2015"
"05/22/15 12:26 PM",,"3,550.08",0.00,"50,126.33",3260754593,"Received 05/20/2015"
"05/21/15 12:28 PM",,"1,972.27",0.00,"52,098.60",3260752751,"Received 05/20/2015"
"05/22/15 11:57 AM",,"3,517.94",0.00,"55,616.54",1236369853,"Received 05/20/2015"
"05/26/15 02:02 PM",,"2,210.44",0.00,"57,826.98",1236032243,"Received 05/20/2015"
"05/26/15 01:32 PM",,"1,729.20",0.00,"59,556.18",1236030320,"Received 05/20/2015"
"05/26/15 10:40 AM",,"2,802.61",0.00,"62,358.79",1236027166,"Received 05/20/2015"
"05/26/15 10:59 AM",,"2,354.00",0.00,"64,712.79",1236024893,"Received 05/20/2015"
"05/20/15 12:00 AM",,0.00,"40,000.00","24,712.79",,
"05/26/15 03:36 PM",,"7,943.72",0.00,"32,656.51",1734829924,"Received 05/22/2015"
"05/26/15 10:27 AM",,"2,391.52",0.00,"35,048.03",3544489815,"Received 05/22/2015"
"05/26/15 02:47 PM",,"1,904.57",0.00,"36,952.60",3544486094,"Received 05/22/2015"
"05/26/15 12:20 PM",,"1,639.48",0.00,"38,592.07",3544492383,"Received 05/22/2015"
"05/22/15 12:00 AM",,0.00,"40,000.00","-1,407.93",,
"05/26/15 02:56 PM",,"1,810.77",0.00,402.84,2560297224,"Received 05/24/2015"
"05/26/15 02:32 PM",,"1,859.71",0.00,"2,262.55",2560298915,"Received 05/24/2015"
"05/26/15 04:44 PM",,"5,189.40",0.00,"7,451.94",2560387465,"Received 05/25/2015"
"05/26/15 12:05 PM",,"1,643.56",0.00,"9,095.50",2560299921,"Received 05/25/2015"
"05/26/15 11:56 AM",,"2,287.11",0.00,"11,382.61",2560303966,"Received 05/25/2015"
"05/27/15 02:19 PM",,"5,864.60",0.00,"17,247.21",1971437705,"Received 05/26/2015"
"05/27/15 01:06 PM",,"1,559.54",0.00,"18,806.76",1971389221,"Received 05/26/2015"
"05/27/15 12:00 PM",,"3,339.31",0.00,"22,146.07",1971390411,"Received 05/26/2015"
"05/29/15 01:56 PM",,"1,019.90",0.00,"23,165.97",5103305362,"Received 05/26/2015"
"05/28/15 12:39 PM",,"1,750.41",0.00,"24,916.38",1695136752,"Received 05/26/2015"
"05/28/15 12:44 PM",,"1,165.58",0.00,"26,081.96",1695134442,"Received 05/26/2015"
"05/27/15 12:00 AM",,0.00,"40,000.00","-13,918.04",,
"06/01/15 01:31 PM",,"8,634.75",0.00,"-5,283.29",2578668540,"Received 05/29/2015"
"06/01/15 03:58 PM",,"2,169.66",0.00,"-3,113.64",2578671126,"Received 05/29/2015"
"06/01/15 11:06 AM",,"2,553.83",0.00,-559.80,2578673613,"Received 05/29/2015"
"05/29/15 12:00 AM",,0.00,"30,000.00","-30,559.80",,
"05/31/15 12:00 AM","UV Glue Remover, Separate Machine, OCA Glue Remover, LCD Screen Protectors 100M","7,014.68",0.00,"-23,545.12",,
"05/31/15 12:00 AM","China Facility Support (12600 RMB with 6.13 exchange rate)","2,055.46",0.00,"-21,489.66",,
"06/01/15 02:41 PM",,"2,092.17",0.00,"-19,397.49",2578676166,"Received 06/01/2015"
"06/01/15 02:52 PM",,"1,208.81",0.00,"-18,188.68",2578678292,"Received 06/01/2015"
"06/01/15 12:06 PM",,"1,220.23",0.00,"-16,968.46",2847924100,"Received 06/01/2015"
"06/01/15 10:56 AM",,"2,715.33",0.00,"-14,253.12",2847926502,"Received 06/01/2015"
"06/02/15 01:42 PM",,"3,396.41",0.00,"-10,856.71",2132102350,"Received 06/01/2015"
"06/02/15 11:26 AM",,"2,251.22",0.00,"-8,605.49",2132087856,"Received 06/01/2015"
"06/03/15 11:21 AM",,"2,263.46",0.00,"-6,342.03",2132088350,"Received 06/01/2015"
"06/04/15 11:55 AM",,"3,533.50",0.00,"-2,808.53",9685594413,"Received 06/02/2015"
"06/04/15 02:26 PM",,"7,098.69",0.00,"4,290.16",3505664411,"Received 06/02/2015"
"06/04/15 12:38 PM",,"2,437.09",0.00,"6,727.25",3505519905,"Received 06/02/2015"
"06/04/15 11:46 AM",,"1,918.30",0.00,"8,645.55",9685592851,"Received 06/03/2015"
"06/04/15 12:09 PM",,"2,917.48",0.00,"11,563.04",3505518446,"Received 06/03/2015"
"06/05/15 04:32 PM",,"1,067.97",0.00,"12,631.01",1409172203,"Received 06/04/2015"
"06/05/15 12:41 PM",,"2,682.19",0.00,"15,313.20",1409005544,"Received 06/04/2015"
"06/08/15 04:15 PM",,"8,701.80",0.00,"24,015.00",4131967350,"Received 06/04/2015"
"06/09/15 12:20 PM",,"2,728.76",0.00,"26,743.76",4131957281,"Received 06/04/2015"
"06/04/15 12:00 AM",,0.00,"40,000.00","-13,256.24",,
"06/05/15 12:21 PM",,"3,679.74",0.00,"-9,576.50",1409001112,"Received 06/05/2015"
"06/09/15 12:17 PM",,"2,651.14",0.00,"-6,925.36",4131959930,"Received 06/05/2015"
"06/10/15 11:36 AM",,"2,230.39",0.00,"-4,694.97",2684403890,"Received 06/06/2015"
"06/09/15 02:49 PM",,"2,026.14",0.00,"-2,668.83",2684407036,"Received 06/06/2015"
"06/10/15 01:52 PM",,"1,498.53",0.00,"-1,170.30",3286358865,"Received 06/08/2015"
"06/12/15 11:09 AM",,"2,610.29",0.00,"1,440.00",3286360615,"Received 06/08/2015"
"06/11/15 03:07 PM",,"7,559.64",0.00,"8,999.64",1780970181,"Received 06/08/2015"
"06/08/15 03:56 PM",,"3,414.36",0.00,"12,413.99",4131965353,"Received 06/08/2015"
"06/08/15 12:00 AM",,0.00,"40,000.00","-27,586.01",,
"06/10/15 03:13 PM",,"2,042.48",0.00,"-25,543.52",3286359742,"Received 06/09/2015"
"06/15/15 12:14 PM",,"2,728.76",0.00,"-22,814.76",1780964010,"Received 06/09/2015"
"06/12/15 11:08 AM",,"2,487.75",0.00,"-20,327.02",5565043702,"Received 06/10/2015"
"06/12/15 11:31 AM",,"2,230.39",0.00,"-18,096.63",1780981543,"Received 06/10/2015"
"06/12/15 11:36 AM",,"2,083.33",0.00,"-16,013.29",1780981565,"Received 06/10/2015"
"06/15/15 01:27 PM",,"1,601.31",0.00,"-14,411.99",1780981580,"Received 06/10/2015"
"06/15/15 04:38 PM",,"1,830.07",0.00,"-12,581.92",1780981613,"Received 06/10/2015"
"06/12/15 11:08 AM",,"2,349.67",0.00,"-10,232.25",1780963995,"Received 06/11/2015"
"06/15/15 12:46 PM",,"3,120.92",0.00,"-7,111.33",1780998004,"Received 06/11/2015"
"06/12/15 01:11 PM",,"1,263.48",0.00,"-5,847.85",1780981425,"Received 06/12/2015"
"06/15/15 11:59 AM",,"3,055.56",0.00,"-2,792.30",1780997960,"Received 06/12/2015"
"06/15/15 12:08 PM",,"2,867.65",0.00,75.35,1780997934,"Received 06/12/2015"
"06/15/15 01:20 PM",,"7,061.27",0.00,"7,136.63",3231611880,"Received 06/12/2015"
"06/15/15 01:10 PM",,936.60,0.00,"8,073.23",3231608951,"Received 06/12/2015"
"06/15/15 04:02 PM",,"6,433.42",0.00,"14,506.64",3231628256,"Received 06/13/2015"
"06/15/15 02:39 PM",,"2,115.36",0.00,"16,622.00",3231628326,"Received 06/13/2015"
"06/15/15 12:55 PM",,"3,643.79",0.00,"20,265.79",3231627991,"Received 06/13/2015"
"06/15/15 12:24 PM",,"3,480.39",0.00,"23,746.18",3231627954,"Received 06/13/2015"
"06/17/15 01:49 PM",,"8,439.54",0.00,"32,185.73",3231649783,"Received 06/15/2015"
"06/15/15 12:00 AM",,0.00,"40,000.00","-7,814.27",,
"06/17/15 12:19 PM",,"2,725.49",0.00,"-5,088.78",3231649540,"Received 06/16/2015"
"06/17/15 01:15 PM",,"6,371.73",0.00,"1,282.95",3231672452,"Received 06/16/2015"
"06/17/15 12:43 PM",,"3,852.12",0.00,"5,135.07",3231669766,"Received 06/16/2015"
"06/17/15 12:23 PM",,"2,704.25",0.00,"7,839.32",3231669803,"Received 06/16/2015"
"06/22/15 11:47 AM",,"3,831.70",0.00,"11,671.02",3231669840,"Received 06/16/2015"
"06/22/15 12:07 PM",,"3,619.28",0.00,"15,290.30",3231669884,"Received 06/16/2015"
"06/19/15 12:13 PM",,"9,379.08",0.00,"24,669.39",3231696650,"Received 06/16/2015"
"06/18/15 11:21 AM",,889.05,0.00,"25,558.44",3231696705,"Received 06/16/2015"
"06/19/15 11:45 AM",,"2,181.37",0.00,"27,739.81",3231688666,"Received 06/16/2015"
"06/22/15 11:38 AM",,"1,783.50",0.00,"29,523.31",3231688670,"Received 06/17/2015"
"06/22/15 11:53 AM",,"2,352.94",0.00,"31,876.25",3231688703,"Received 06/17/2015"
"06/17/15 12:00 AM",,0.00,"40,000.00","-8,123.75",,
"06/22/15 01:55 PM",,"1,279.74",0.00,"-6,844.01",9578169381,"Received 06/18/2015"
"06/22/15 11:32 AM",,"3,112.75",0.00,"-3,731.27",9578163324,"Received 06/18/2015"
"06/22/15 03:05 PM",,"2,223.13",0.00,"-1,508.14",8587521692,"Received 06/19/2015"
"06/22/15 02:09 PM",,"2,227.12",0.00,718.98,8587521655,"Received 06/19/2015"
"06/22/15 02:17 PM",,"1,086.60",0.00,"1,805.59",8587521622,"Received 06/19/2015"
"06/22/15 11:24 AM",,"2,237.75",0.00,"4,043.33",9578163302,"Received 06/21/2015"
"06/22/15 04:25 PM",,"6,778.59",0.00,"10,821.93",8587521600,"Received 06/21/2015"
"06/24/15 12:06 PM",,929.08,0.00,"11,751.01",8587556703,"Received 06/21/2015"
"06/24/15 10:27 AM",,"4,740.20",0.00,"16,491.21",8587551184,"Received 06/22/2015"
"06/25/15 11:32 AM",,"1,282.68",0.00,"17,773.89",8587551405,"Received 06/22/2015"
"06/25/15 10:59 AM",,"2,687.91",0.00,"20,461.79",8587551416,"Received 06/22/2015"
"06/24/15 10:58 AM",,"2,377.45",0.00,"22,839.25",8587568673,"Received 06/23/2015"
"06/24/15 11:04 AM",,"2,377.45",0.00,"25,216.70",8587568640,"Received 06/23/2015"
"06/23/15 12:00 AM",,0.00,"40,000.00","-14,783.30",,
"06/29/15 11:34 AM",,"2,482.03",0.00,"-12,301.28",8587606764,"Received 06/25/2015"
"06/29/15 03:14 PM",,"1,967.32",0.00,"-10,333.96",5396020350,"Received 06/26/2015"
"06/29/15 01:22 PM",,"8,835.78",0.00,"-1,498.17",5396020335,"Received 06/26/2015"
"06/26/15 12:00 AM",,0.00,"40,000.00","-41,498.17",,
"06/29/15 11:26 AM",,"3,816.99",0.00,"-37,681.18",5396014525,"Received 06/27/2015"
"06/29/15 12:44 PM",,"8,876.63",0.00,"-28,804.55",5396037780,"Received 06/27/2015"
"06/29/15 11:56 AM",,"2,452.61",0.00,"-26,351.93",5396036461,"Received 06/27/2015"
"06/29/15 02:23 PM",,"3,797.39",0.00,"-22,554.55",5396036531,"Received 06/27/2015"
"06/29/15 11:48 AM",,"2,851.31",0.00,"-19,703.24",8587606742,"Received 06/28/2015"
"06/29/15 01:38 PM",,"2,254.90",0.00,"-17,448.34",5396014481,"Received 06/28/2015"
"06/29/15 12:58 PM",,"3,522.88",0.00,"-13,925.46",5396014466,"Received 06/28/2015"
"07/01/15 12:22 PM",,"2,189.54",0.00,"-11,735.92",5396036564,"Received 06/28/2015"
"07/01/15 11:08 AM",,"9,877.45",0.00,"-1,858.47",5396061941,"Received 06/28/2015"
"06/30/15 02:58 PM",,"2,450.98",0.00,592.51,5396062011,"Received 06/28/2015"
"07/01/15 02:09 PM",,"2,173.20",0.00,"2,765.72",5396062033,"Received 06/28/2015"
"07/01/15 02:20 PM",,"2,998.37",0.00,"5,764.08",5396062022,"Received 06/30/2015"
"07/02/15 11:33 AM",,"5,253.27",0.00,"11,017.35",5396083350,"Received 06/30/2015"
"07/02/15 10:51 AM",,"2,614.38",0.00,"13,631.73",5396083534,"Received 06/30/2015"
"07/02/15 10:43 AM",,"2,142.16",0.00,"15,773.89",5396083593,"Received 06/30/2015"
"07/02/15 01:32 PM",,"2,883.99",0.00,"18,657.87",5396083626,"Received 06/30/2015"
"07/02/15 01:23 PM",,"2,933.01",0.00,"21,590.88",5396083630,"Received 06/30/2015"
"07/02/15 12:11 PM",,"7,093.46",0.00,"28,684.34",5396108045,"Received 06/30/2015"
"06/30/15 12:00 AM",,0.00,"40,000.00","-11,315.66",,
"06/30/15 12:00 AM","China Facility Support (12600 RMB with 6.12 exchange rate)","2,058.00",0.00,"-9,257.66",,
"06/30/15 12:00 AM","Battery Shipment. XT875, P990, P930, MB886 ","3,222.00",0.00,"-6,035.66",,
"07/02/15 12:15 PM",,"1,748.37",0.00,"-4,287.29",5396107721,"Received 07/01/2015"
"07/02/15 01:57 PM",,"2,028.59",0.00,"-2,258.70",5396107802,"Received 07/01/2015"
"07/03/15 02:56 PM",,"1,789.22",0.00,-469.48,5396107776,"Received 07/01/2015"
"07/07/15 01:59 PM",,"2,351.88",0.00,"1,882.40",5741265261,"Received 07/02/2015"
"07/06/15 02:29 PM",,"6,109.48",0.00,"7,991.88",5396149625,"Received 07/02/2015"
"07/03/15 12:00 AM",,0.00,"40,000.00","-32,008.12",,
"07/07/15 11:55 AM",,"1,160.95",0.00,"-30,847.18",5396149640,"Received 07/05/2015"
"07/06/15 11:52 AM",,"3,572.71",0.00,"-27,274.46",5396131252,"Received 07/06/2015"
"07/07/15 10:50 AM",,"2,503.27",0.00,"-24,771.20",5396131285,"Received 07/06/2015"
"07/07/15 11:07 AM",,"2,339.87",0.00,"-22,431.33",5396131226,"Received 07/06/2015"
"07/06/15 01:30 PM",,724.67,0.00,"-21,706.65",5396149662,"Received 07/06/2015"
"07/07/15 11:42 AM",,"2,906.05",0.00,"-18,800.61",5396149636,"Received 07/06/2015"
"07/06/15 11:19 AM",,"6,004.90",0.00,"-12,795.71",5396172003,"Received 07/06/2015"
"07/06/15 12:17 PM",,"3,009.80",0.00,"-9,785.90",5396170566,"Received 07/06/2015"
"07/06/15 12:01 PM",,"2,549.02",0.00,"-7,236.88",5396170570,"Received 07/06/2015"
"07/08/15 12:26 PM",,"2,888.07",0.00,"-4,348.81",5396197295,"Received 07/07/2015"
"07/09/15 11:17 AM",,"5,683.01",0.00,"1,334.20",2926220931,"Received 07/07/2015"
"07/08/15 12:18 PM",,"2,933.01",0.00,"4,267.20",2926220220,"Received 07/07/2015"
"07/07/15 12:00 AM",,0.00,"40,000.00","-35,732.80",,
"07/08/15 12:11 PM",,"3,398.69",0.00,"-32,334.10",5396197262,"Received 07/08/2015"
"07/08/15 11:53 AM",,"3,924.84",0.00,"-28,409.27",5396197284,"Received 07/08/2015"
"07/09/15 03:21 PM",,"3,402.78",0.00,"-25,006.49",2926241323,"Received 07/08/2015"
"07/10/15 02:51 PM",,"7,133.50",0.00,"-17,872.99",2926241931,"Received 07/09/2015"
"07/13/15 12:27 PM",,"5,617.65",0.00,"-12,255.35",2926264165,"Received 07/09/2015"
"07/14/15 03:05 PM",,"2,287.58",0.00,"-9,967.76",2926264025,"Received 07/10/2015"
"07/14/15 12:37 PM",,"1,942.81",0.00,"-8,024.95",2926264051,"Received 07/10/2015"
"07/14/15 02:09 PM",,"2,295.75",0.00,"-5,729.20",2926264084,"Received 07/10/2015"
"07/13/15 02:38 PM",,"8,858.82",0.00,"3,129.62",2926285795,"Received 07/10/2015"
"07/14/15 12:44 PM",,"1,629.08",0.00,"4,758.71",2926285832,"Received 07/10/2015"
"07/14/15 03:09 PM",,"2,491.83",0.00,"7,250.54",2926285843,"Received 07/10/2015"
"07/14/15 04:08 PM",,"1,939.54",0.00,"9,190.08",2926285854,"Received 07/10/2015"
"07/13/15 01:34 PM",,"3,200.98",0.00,"12,391.06",2926306515,"Received 07/13/2015"
"07/13/15 02:20 PM",,"1,754.90",0.00,"14,145.96",2926306541,"Received 07/13/2015"
"07/14/15 02:05 PM",,"3,488.56",0.00,"17,634.52",2926306563,"Received 07/13/2015"
"07/13/15 12:00 AM",,0.00,"40,000.00","-22,365.48",,
"07/16/15 02:08 PM",,"1,652.29",0.00,"-20,713.19",2926349134,"Received 07/14/2015"
"07/17/15 01:46 PM",,"9,831.70",0.00,"-10,881.49",2926349646,"Received 07/14/2015"
"07/16/15 03:21 PM",,"1,904.41",0.00,"-8,977.08",2926349160,"Received 07/14/2015"
"07/20/15 12:51 PM",,"2,303.92",0.00,"-6,673.16",2926349193,"Received 07/14/2015"
"07/16/15 03:45 PM",,"2,557.19",0.00,"-4,115.97",2926349230,"Received 07/14/2015"
"07/20/15 11:56 AM",,"2,442.81",0.00,"-1,673.16",2926349263,"Received 07/14/2015"
"07/17/15 11:02 AM",,"3,314.54",0.00,"1,641.39",2926381150,"Received 07/15/2015"
"07/20/15 10:48 AM",,"3,121.57",0.00,"4,762.95",2926370915,"Received 07/15/2015"
"07/20/15 01:05 PM",,"1,227.12",0.00,"5,990.08",2926371862,"Received 07/15/2015"
"07/20/15 03:41 PM",,"2,651.14",0.00,"8,641.22",2926371884,"Received 07/15/2015"
"07/20/15 01:56 PM",,"3,129.08",0.00,"11,770.31",2926371906,"Received 07/15/2015"
"07/20/15 03:32 PM",,"2,226.31",0.00,"13,996.62",2926371910,"Received 07/15/2015"
"07/21/15 09:58 AM",,"2,700.16",0.00,"16,696.78",2926400223,"Received 07/16/2015"
"07/21/15 09:56 AM",,"3,011.44",0.00,"19,708.22",2926400256,"Received 07/16/2015"
"07/21/15 10:00 AM",,"3,243.46",0.00,"22,951.68",2926400315,"Received 07/16/2015"
"07/21/15 11:43 AM",,"1,022.30",0.00,"23,973.98",8547854965,"Received 07/17/2015"
"07/20/15 03:01 PM",,"8,415.03",0.00,"32,389.02",6617343180,"Received 07/17/2015"
"07/21/15 10:08 AM",,"2,792.48",0.00,"35,181.50",6617342362,"Received 07/17/2015"
"07/20/15 02:00 PM",,"3,625.82",0.00,"38,807.32",6617342314,"Received 07/17/2015"
"07/21/15 09:54 AM",,"2,859.48",0.00,"41,666.79",6617342141,"Received 07/17/2015"
"07/21/15 11:30 AM",,"5,419.12",0.00,"47,085.91",6617362356,"Received 07/20/2015"
"07/21/15 10:50 AM",,"3,441.99",0.00,"50,527.91",6617362371,"Received 07/20/2015"
"07/21/15 10:16 AM",,"3,408.82",0.00,"53,936.73",6617362415,"Received 07/20/2015"
"07/20/15 12:00 AM",,0.00,"40,000.00","13,936.73",,
"07/21/15 12:00 AM",,0.00,"40,000.00","-26,063.27",,
"07/23/15 12:09 PM",,"4,533.50",0.00,"-21,529.77",6617402013,"Received 07/22/2015"
"07/24/15 04:26 PM",,"4,009.80",0.00,"-17,519.97",6617401943,"Received 07/22/2015"
"07/23/15 12:07 PM",,"7,130.72",0.00,"-10,389.25",6617424715,"Received 07/22/2015"
"07/24/15 04:33 PM",,"3,672.39",0.00,"-6,716.87",6617423411,"Received 07/22/2015"
"07/24/15 01:52 PM",,"2,892.16",0.00,"-3,824.71",6617423466,"Received 07/22/2015"
"07/24/15 12:04 PM",,"2,724.67",0.00,"-1,100.04",6617423374,"Received 07/23/2015"
"07/27/15 11:24 AM",,"2,729.58",0.00,"1,629.54",6617423481,"Received 07/23/2015"
"07/29/15 01:21 PM",,"1,380.72",0.00,"3,010.26",5009763286,"Received 07/23/2015"
"07/27/15 11:05 AM",,"4,305.56",0.00,"7,315.81",9027380655,"Received 07/24/2015"
"07/27/15 03:06 PM",,"2,852.12",0.00,"10,167.94",9027381296,"Received 07/24/2015"
"07/24/15 12:00 AM",,0.00,"40,000.00","-29,832.06",,
"07/27/15 04:00 PM",,"3,292.48",0.00,"-26,539.58",9027381311,"Received 07/26/2015"
"07/27/15 11:04 AM",,"8,140.52",0.00,"-18,399.05",9027389173,"Received 07/26/2015"
"07/28/15 04:35 PM",,"1,523.69",0.00,"-16,875.36",9027390330,"Received 07/26/2015"
"07/28/15 04:14 PM",,"2,773.69",0.00,"-14,101.67",9027390374,"Received 07/26/2015"
"07/28/15 11:02 AM",,"3,137.25",0.00,"-10,964.41",9027390433,"Received 07/26/2015"
"07/27/15 03:28 PM",,"4,140.52",0.00,"-6,823.89",9027390400,"Received 07/26/2015"
"07/27/15 03:37 PM",,"2,573.53",0.00,"-4,250.36",9027394891,"Received 07/26/2015"
"07/29/15 02:33 PM",,"7,730.39",0.00,"3,480.03",9027401062,"Received 07/26/2015"
"07/28/15 02:50 PM",,"7,404.25",0.00,"10,884.28",9027394821,"Received 07/27/2015"
"07/27/15 03:33 PM",,"3,553.92",0.00,"14,438.20",9027394880,"Received 07/27/2015"
"07/30/15 10:05 AM",,"2,589.87",0.00,"17,028.07",9027399032,"Received 07/27/2015"
"07/30/15 11:37 AM",,"1,646.24",0.00,"18,674.31",9027399021,"Received 07/27/2015"
"07/30/15 12:04 PM",,"6,846.41",0.00,"25,520.72",9027402893,"Received 07/27/2015"
"07/30/15 04:13 PM",,"2,859.48",0.00,"28,380.19",9027402904,"Received 07/27/2015"
"07/30/15 04:05 PM",,"3,120.92",0.00,"31,501.11",9027402915,"Received 07/27/2015"
"07/30/15 03:12 PM",,"2,810.46",0.00,"34,311.57",9027402926,"Received 07/27/2015"
"08/05/15 11:40 AM",,"3,169.93",0.00,"37,481.50",2459845146,"Received 07/28/2015"
"07/30/15 04:35 PM",,"3,292.48",0.00,"40,773.98",2459846686,"Received 07/28/2015"
"07/28/15 12:00 AM",,0.00,"40,000.00",773.98,,
"07/31/15 10:06 AM",,"2,630.72",0.00,"3,404.70",2459849184,"Received 07/30/2015"
"08/05/15 02:35 PM",,"2,107.84",0.00,"5,512.55",4421094521,"Received 07/30/2015"
"08/03/15 03:28 PM",,"9,036.60",0.00,"14,549.15",2459956321,"Received 07/31/2015"
"07/31/15 12:00 AM","China Facility Support (12600 RMB with 6.12 exchange rate)","2,058.00",0.00,"16,607.15",,
"07/31/15 12:00 AM","Desire 610 LCD Screens","2,605.08",0.00,"19,212.23",,
"07/31/15 12:00 AM","BEST Tool Guy",777.77,0.00,"19,990.00",,
"08/03/15 10:40 AM",,"8,595.75",0.00,"28,585.75",4421099760,"Received 08/02/2015"
"08/06/15 02:01 PM",,"1,586.93",0.00,"30,172.68",4421091706,"Received 08/02/2015"
"08/04/15 02:34 PM",,"1,658.50",0.00,"31,831.17",4421097236,"Received 08/02/2015"
"08/03/15 11:15 AM",,"2,009.80",0.00,"33,840.98",9578956822,"Received 08/02/2015"
"08/04/15 02:40 PM",,"1,363.15",0.00,"35,204.13",4465740370,"Received 08/02/2015"
"08/04/15 10:01 AM",,"6,000.16",0.00,"41,204.30",4465695651,"Received 08/02/2015"
"08/04/15 03:17 PM",,"2,647.06",0.00,"43,851.35",4465742610,"Received 08/02/2015"
"08/04/15 04:32 PM",,"1,944.44",0.00,"45,795.80","4465743962	","Received 08/02/2015"
"08/03/15 12:00 AM",,0.00,"40,000.00","5,795.80",,
"08/05/15 11:55 AM",,"7,052.45",0.00,"12,848.25",3498393824,"Received 08/04/2015"
"08/06/15 12:02 PM",,"3,125.00",0.00,"15,973.25",3498472961,"Received 08/04/2015"
"08/05/15 03:16 PM",,"3,100.49",0.00,"19,073.74",3498475142,"Received 08/04/2015"
"08/04/15 12:00 AM",,0.00,"40,000.00","-20,926.26",,
"08/05/15 01:12 PM",,"7,892.65",0.00,"-13,033.61",1151022972,"Received 08/05/2015"
"08/06/15 01:19 PM",,"1,911.76",0.00,"-11,121.85",1151017022,"Received 08/05/2015"
"08/06/15 12:35 PM",,"2,148.69",0.00,"-8,973.16",1151014826,"Received 08/05/2015"
"08/07/15 02:32 PM",,"7,360.13",0.00,"-1,613.03",4545992990,"Received 08/06/2015"
"08/07/15 02:33 PM",,"2,352.94",0.00,739.92,2348907794,"Received 08/06/2015"
"08/07/15 02:34 PM",,"3,725.49",0.00,"4,465.41",2348909463,"Received 08/06/2015"
"08/11/15 10:43 AM",,"8,330.88",0.00,"12,796.29",3782066304,"Received 08/06/2015"
"08/12/15 12:31 PM",,"2,471.57",0.00,"15,267.86",3781880056,"Received 08/07/2015"
"08/12/15 01:16 PM",,"2,607.84",0.00,"17,875.70",3781878564,"Received 08/07/2015"
"08/12/15 04:10 PM",,"1,601.31",0.00,"19,477.01",3781876906,"Received 08/07/2015"
"08/07/15 12:00 AM",,0.00,"40,000.00","-20,522.99",,
"08/10/15 02:45 PM",,"6,622.55",0.00,"-13,900.44",7775383534,"Received 08/09/2015"
"08/12/15 11:06 AM",,"2,491.83",0.00,"-11,408.61",7775372463,"Received 08/09/2015"
"08/12/15 04:06 PM",,"1,521.24",0.00,"-9,887.37",7775379054,"Received 08/09/2015"
"08/11/15 04:23 PM",,"1,756.54",0.00,"-8,130.84",7775375226,"Received 08/09/2015"
"08/13/15 12:34 PM",,"2,454.90",0.00,"-5,675.93",8220471700,"Received 08/10/2015"
"08/11/15 12:01 PM",,"8,270.42",0.00,"2,594.49",4528116353,"Received 08/10/2015"
"08/11/15 01:58 PM",,"2,436.27",0.00,"5,030.77",4527927950,"Received 08/10/2015"
"08/11/15 04:31 PM",,"7,328.92",0.00,"12,359.69",4528113903,"Received 08/10/2015"
"08/18/15 03:33 PM",,"1,405.23",0.00,"13,764.92",4527930385,"Received 08/10/2015"
"08/11/15 12:00 AM",,0.00,"40,000.00","-26,235.08",,
"08/12/15 02:02 PM",,"3,001.14",0.00,"-23,233.94",2588180350,"Received 08/12/2015"
"08/12/15 02:52 PM",,"2,589.87",0.00,"-20,644.07",2588544630,"Received 08/12/2015"
"08/18/15 01:18 PM",,"2,334.97",0.00,"-18,309.10",2588543086,"Received 08/13/2015"
"08/18/15 02:19 PM",,"2,598.04",0.00,"-15,711.06",2588522845,"Received 08/13/2015"
"08/14/15 04:42 PM",,"8,011.44",0.00,"-7,699.63",6656052373,"Received 08/14/2015"
"08/14/15 04:17 PM",,"1,717.12",0.00,"-5,982.51",9523900363,"Received 08/14/2015"
"08/14/15 04:01 PM",,"2,356.58",0.00,"-3,625.93",6655903623,"Received 08/14/2015"
"08/14/15 03:16 PM",,"1,735.34",0.00,"-1,890.59",9651808412,"Received 08/14/2015"
"08/14/15 12:00 AM",,0.00,"40,000.00","-41,890.59",,
"08/17/15 11:00 AM",,"7,683.04",0.00,"-34,207.55",9651861192,"Received 08/15/2015"
"08/18/15 09:22 AM",,"3,066.56",0.00,"-31,140.99",9651810070,"Received 08/15/2015"
"08/17/15 03:36 PM",,"3,656.89",0.00,"-27,484.10",7119061563,"Received 08/16/2015"
"08/18/15 09:23 AM",,"2,385.10",0.00,"-25,098.99",7119060325,"Received 08/16/2015"
"08/21/15 12:37 PM",,"2,539.62",0.00,"-22,559.37",1942651502,"Received 08/17/2015"
"08/18/15 04:00 PM",,"2,860.38",0.00,"-19,698.99",6726749293,"Received 08/17/2015"
"08/18/15 09:25 AM",,"3,613.31",0.00,"-16,085.68",6726748162,"Received 08/17/2015"
"08/18/15 01:45 PM",,"7,947.70",0.00,"-8,137.98",6726743236,"Received 08/18/2015"
"08/18/15 12:00 AM",,0.00,"40,000.00","-48,137.98",,
"08/20/15 09:18 AM",,"9,080.03",0.00,"-39,057.95",1359886695,"Received 08/20/2015"
"08/21/15 11:35 AM",,"2,955.63",0.00,"-36,102.32",1359889101,"Received 08/20/2015"
"08/21/15 04:37 PM",,"8,738.51",0.00,"-27,363.81",4332642145,"Received 08/20/2015"
"08/21/15 03:44 PM",,"1,980.98",0.00,"-25,382.83",4334534131,"Received 08/20/2015"
"08/21/15 03:42 PM",,"2,908.08",0.00,"-22,474.75",4334536043,"Received 08/20/2015"
"08/21/15 03:45 PM",,"1,077.65",0.00,"-21,397.09",4334538073,"Received 08/20/2015"
"08/21/15 03:41 PM",,"2,163.23",0.00,"-19,233.86",4334539786,"Received 08/20/2015"
"08/21/15 03:05 PM",,"5,004.75",0.00,"-14,229.10",4332640233,"Received 08/21/2015"
"08/25/15 04:21 PM",,"2,908.08",0.00,"-11,321.02",2660320762,"Received 08/21/2015"
"08/25/15 04:02 PM",,"2,290.02",0.00,"-9,031.01",2660322184,"Received 08/21/2015"
"08/21/15 12:00 AM",,0.00,"40,000.00","-49,031.01",,
"08/24/15 10:48 AM",,"8,950.08",0.00,"-40,080.93",2660318883,"Received 08/24/2015"
"08/24/15 10:53 AM",,"7,977.81",0.00,"-32,103.11",5842535366,"Received 08/24/2015"
"08/24/15 01:20 PM",,"8,456.42",0.00,"-23,646.69",9157454913,"Received 08/24/2015"
"08/25/15 03:50 PM",,"1,323.30",0.00,"-22,323.40",5842556650,"Received 08/25/2015"
"08/25/15 01:58 PM",,"2,797.15",0.00,"-19,526.25",9157175123,"Received 08/25/2015"
"08/27/15 10:32 AM",,"2,068.15",0.00,"-17,458.11",5524232965,"Received 08/25/2015"
"08/25/15 12:00 AM",,0.00,"40,000.00","-57,458.11",,
"08/26/15 11:37 AM",,"1,323.30",0.00,"-56,134.81",5842558293,"Received 08/26/2015"
"08/26/15 04:44 PM",,"4,090.97",0.00,"-52,043.84",5524213914,"Received 08/26/2015"
"08/26/15 04:28 PM",,"7,397.78",0.00,"-44,646.06",4869072364,"Received 08/26/2015"
"08/27/15 11:11 AM",,"9,111.73",0.00,"-35,534.33",8363630203,"Received 08/27/2015"
"08/27/15 10:37 AM",,"3,274.17",0.00,"-32,260.17",8363638345,"Received 08/27/2015"
"08/28/15 04:45 PM",,659.90,0.00,"-31,600.26",4868974106,"Received 08/28/2015"
"08/28/15 04:48 PM",,"2,139.46",0.00,"-29,460.80",4867212324,"Received 08/28/2015"
"08/28/15 10:08 AM",,"5,221.87",0.00,"-24,238.93",8363632852,"Received 08/28/2015"
"08/28/15 12:27 PM",,947.70,0.00,"-23,291.23",8363635033,"Received 08/28/2015"
"08/28/15 03:17 PM",,941.36,0.00,"-22,349.86",8363636853,"Received 08/28/2015"
"08/28/15 10:58 AM",,"2,741.68",0.00,"-19,608.18",8363639911,"Received 08/28/2015"
"08/28/15 04:14 PM",,"9,088.75",0.00,"-10,519.44",3219694030,"Received 08/28/2015"
"08/28/15 12:00 AM",,0.00,"40,000.00","-50,519.44",,"Bankwire 4983002873"
"08/29/15 06:20 PM",,"8,176.42",0.00,"-42,343.01",7279131786,"Received 08/29/2015"
"09/01/15 02:09 PM",,"2,496.04",0.00,"-39,846.97",3219673310,"Received 08/31/2015"
"08/31/15 12:00 AM","China Facility Support (12600 RMB with 6.31 exchange rate)","1,996.83",0.00,"-37,850.14",,
"09/01/15 02:35 PM",,"2,678.01",0.00,"-35,172.14",7279097280,"Received 09/01/2015"
"09/01/15 02:58 PM",,"2,476.27",0.00,"-32,695.87",7279098643,"Received 09/01/2015"
"09/01/15 02:55 PM",,"1,684.34",0.00,"-31,011.54",7279102084,"Received 09/01/2015"
"09/01/15 12:54 PM",,"5,579.11",0.00,"-25,432.42",9490371472,"Received 09/01/2015"
"09/01/15 12:26 PM",,"8,799.84",0.00,"-16,632.58",9490368554,"Received 09/01/2015"
"09/01/15 02:56 PM",,"2,159.81",0.00,"-14,472.77",9490208980,"Received 09/01/2015"
"09/02/15 01:41 PM",,"7,855.22",0.00,"-6,617.55",5515049794,"Received 09/01/2015"
"09/03/15 04:02 PM",,"9,103.48",0.00,"2,485.93",5519494186,"Received 09/01/2015"
"09/01/15 12:00 AM",,0.00,"40,000.00","-37,514.07",,
"09/01/15 12:00 AM","Convention Banner Cost","1,228.57",0.00,"-36,285.50",,
"09/03/15 10:27 AM",,"8,393.99",0.00,"-27,891.52",7279135032,"Received 09/02/2015"
"09/02/15 03:35 PM",,"2,231.01",0.00,"-25,660.50",7279095541,"Received 09/02/2015"
"09/02/15 12:28 PM",,"1,981.80",0.00,"-23,678.70",5515052896,"Received 09/02/2015"
"09/03/15 03:49 PM",,"2,246.84",0.00,"-21,431.86",5519491563,"Received 09/03/2015"
"09/03/15 02:58 PM",,"3,125.00",0.00,"-18,306.86",5519488590,"Received 09/03/2015"
"09/04/15 04:31 PM",,781.65,0.00,"-17,525.22",5519485926,"Received 09/03/2015"
"09/04/15 04:25 PM",,"1,763.03",0.00,"-15,762.19",5519483793,"Received 09/03/2015"
"09/04/15 02:44 PM",,"7,147.94",0.00,"-8,614.24",8314594573,"Received 09/03/2015"
"09/04/15 03:21 PM",,"1,997.63",0.00,"-6,616.62",8314591670,"Received 09/03/2015"
"09/08/15 10:42 AM",,"1,914.56",0.00,"-4,702.06",8314590141,"Received 09/03/2015"
"09/04/15 12:00 AM",,0.00,"20,000.00","-24,702.06",,
"09/08/15 11:42 AM",,"1,627.37",0.00,"-23,074.69",8314588881,"Received 09/07/2015"
"09/08/15 09:40 AM",,"7,343.35",0.00,"-15,731.33",3382846250,"Received 09/07/2015"
"09/08/15 02:07 PM",,"1,441.71",0.00,"-14,289.62",6038300262,"Received 09/07/2015"
"09/08/15 12:06 PM",,"2,895.57",0.00,"-11,394.05",8345365501,"Received 09/07/2015"
"09/08/15 12:05 PM",,"1,669.30",0.00,"-9,724.75",8345361312,"Received 09/07/2015"
"09/09/15 01:33 PM",,"9,438.29",0.00,-286.46,6005192082,"Received 09/07/2015"
"09/10/15 12:11 PM",,"3,111.08",0.00,"2,824.62",6038329721,"Received 09/07/2015"
"09/10/15 12:34 PM",,"7,079.11",0.00,"9,903.73",7394430610,"Received 09/07/2015"
"09/08/15 11:53 AM",,"2,792.72",0.00,"12,696.45",3382837345,"Received 09/08/2015"
"09/14/15 03:02 PM",,"2,255.54",0.00,"14,951.99",6005192336,"Received 09/08/2015"
"09/14/15 03:07 PM",,"2,142.41",0.00,"17,094.40",6005192723,"Received 09/08/2015"
"09/14/15 03:48 PM",,"2,705.70",0.00,"19,800.09",7394417715,"Received 09/08/2015"
"09/14/15 03:13 PM",,"1,625.79",0.00,"21,425.88",7394419174,"Received 09/08/2015"
"09/08/15 12:00 AM",,0.00,"40,000.00","-18,574.12",,
"09/09/15 11:40 AM",,0.00,0.00,"-18,574.12",8345367251,"Received 09/09/2015"
"09/09/15 12:09 PM",,"15,655.00",0.00,"-2,919.12",8345363180,"Received 09/09/2015"
"09/14/15 03:43 PM",,"3,378.16",0.00,459.05,8443438846,"Received 09/10/2015"
"09/16/15 12:48 PM",,"9,245.25",0.00,"9,704.30",8443446476,"Received 09/11/2015"
"09/16/15 12:52 PM",,"2,176.42",0.00,"11,880.73",8443448016,"Received 09/11/2015"
"09/15/15 01:48 PM",,"2,709.65",0.00,"14,590.38",8443437380,"Received 09/11/2015"
"09/14/15 12:36 PM",,"1,211.39",0.00,"15,801.77",8505245033,"Received 09/11/2015"
"09/14/15 11:55 AM",,"3,034.02",0.00,"18,835.79",1815815971,"Received 09/11/2015"
"09/14/15 03:44 PM",,"3,219.94",0.00,"22,055.73",1815731665,"Received 09/11/2015"
"09/14/15 04:03 PM",,"2,333.86",0.00,"24,389.59",1815733172,"Received 09/11/2015"
"09/11/15 12:00 AM",,0.00,"40,000.00","-15,610.41",,
"09/15/15 12:45 PM",,"1,238.92",0.00,"-14,371.49",1653510434,"Received 09/15/2015"
"09/15/15 11:09 AM",,"3,639.24",0.00,"-10,732.25",1653511985,"Received 09/15/2015"
"09/15/15 01:34 PM",,"7,759.49",0.00,"-2,972.76",1558522615,"Received 09/15/2015"
"09/15/15 11:36 AM",,"3,876.58",0.00,903.83,1558491001,"Received 09/15/2015"
"09/17/15 01:27 PM",,791.14,0.00,"1,694.97",8505409010,"Received 09/15/2015"
"09/17/15 01:42 PM",,"3,172.47",0.00,"4,867.43",4518673530,"Received 09/15/2015"
"09/17/15 01:41 PM",,"3,082.28",0.00,"7,949.71",4518675033,"Received 09/15/2015"
"09/18/15 12:31 PM",,"10,213.61",0.00,"18,163.32",2706826253,"Received 09/16/2015"
"09/18/15 11:59 AM",,"3,544.30",0.00,"21,707.62",2706831234,"Received 09/16/2015"
"09/16/15 12:00 AM",,0.00,"40,000.00","-18,292.38",,
"09/22/15 09:59 AM",,"10,428.01",0.00,"-7,864.37",1202192552,"Received 09/18/2015"
"09/21/15 11:28 AM",,"3,215.98",0.00,"-4,648.39",1202115250,"Received 09/18/2015"
"09/21/15 12:18 PM",,"8,996.84",0.00,"4,348.45",1343569625,"Received 09/18/2015"
"09/21/15 02:15 PM",,"2,231.01",0.00,"6,579.46",1357714842,"Received 09/18/2015"
"09/21/15 08:24 PM",,"1,225.47",0.00,"7,804.93",1357716544,"Received 09/18/2015"
"09/22/15 02:26 PM",,"3,924.05",0.00,"11,728.99",1357718530,"Received 09/18/2015"
"09/22/15 02:15 PM",,"7,969.94",0.00,"19,698.92",7565486574,"Received 09/21/2015"
"09/21/15 01:52 PM",,"9,952.53",0.00,"29,651.45",7565488615,"Received 09/21/2015"
"09/23/15 12:12 PM",,"3,172.47",0.00,"32,823.92",7565503654,"Received 09/21/2015"
"09/22/15 12:00 AM",,0.00,"40,000.00","-7,176.08",,
"09/23/15 12:03 PM",,"3,694.62",0.00,"-3,481.46",7052107963,"Received 09/23/2015"
"09/24/15 12:13 PM",,"10,537.24",0.00,"7,055.78",2257734065,"Received 09/23/2015"
"09/25/15 11:07 AM",,"1,909.67",0.00,"8,965.45","1922666513	","Received 09/23/2015"
"09/24/15 02:12 PM",,"1,022.19",0.00,"9,987.64",1922667924,"Received 09/23/2015"
"09/23/15 12:00 AM",,0.00,"40,000.00","-30,012.36",,
"09/29/15 02:01 PM",,"10,766.30",0.00,"-19,246.06",7052108206,"Received 09/24/2015"
"09/24/15 02:18 PM",,"2,448.49",0.00,"-16,797.57",5247212585,"Received 09/24/2015"
"09/24/15 01:16 PM",,"8,205.23",0.00,"-8,592.34",1922791625,"Received 09/24/2015"
"09/28/15 10:48 AM",,"3,469.15",0.00,"-5,123.19",2088149744,"Received 09/24/2015"
"09/28/15 10:40 AM",,"3,512.66",0.00,"-1,610.54",2088148646,"Received 09/24/2015"
"09/28/15 11:40 AM",,"1,400.32",0.00,-210.22,8505834540,"Received 09/25/2015"
"09/28/15 03:39 PM",,"4,657.44",0.00,"4,447.22",2088147482,"Received 09/25/2015"
"09/29/15 02:27 PM",,"1,067.09",0.00,"5,514.31",8505914896,"Received 09/25/2015"
"09/28/15 11:32 AM",,"8,362.34",0.00,"13,876.65",3006076485,"Received 09/25/2015"
"09/28/15 10:40 AM",,"2,468.35",0.00,"16,345.00",3006086985,"Received 09/25/2015"
"09/28/15 02:58 PM",,"2,693.83",0.00,"19,038.83",3006086101,"Received 09/25/2015"
"09/28/15 02:22 PM",,"2,848.10",0.00,"21,886.93","3006078110 	","Received 09/25/2015"
"09/25/15 12:00 AM",,0.00,"40,000.00","-18,113.07",,
"09/25/15 12:00 AM",,0.00,"40,000.00","-58,113.07",,
"09/30/15 11:24 AM",,"1,023.73",0.00,"-57,089.33",8531482374,"Received 09/28/2015"
"09/28/15 02:50 PM",,"9,387.66",0.00,"-47,701.67",8531467464,"Received 09/28/2015"
"09/29/15 01:23 PM",,664.56,0.00,"-47,037.12",8531453162,"Received 09/28/2015"
"09/28/15 03:12 PM",,"1,993.67",0.00,"-45,043.45",8531456614,"Received 09/28/2015"
"09/30/15 10:40 AM",,"1,875.00",0.00,"-43,168.45",8531454363,"Received 09/29/2015"
"10/01/15 11:48 AM",,"7,840.19",0.00,"-35,328.26",6032125024,"Received 09/29/2015"
"10/01/15 11:46 AM",,"7,729.43",0.00,"-27,598.83",6032122972,"Received 09/29/2015"
"10/02/15 02:59 PM",,"2,666.14",0.00,"-24,932.69",6032138125,"Received 09/29/2015"
"10/02/15 03:49 PM",,"1,162.97",0.00,"-23,769.71",4817304450,"Received 09/29/2015"
"10/02/15 03:59 PM",,696.20,0.00,"-23,073.51",1Z0972EF0447039359,"Received 09/29/2015"
"10/02/15 03:59 PM",,886.08,0.00,"-22,187.43","1Z0972EF0446560420 ","Received 09/29/2015"
"09/30/15 12:00 AM","China Facility Support (12600 RMB with 6.32 exchange rate)","1,993.67",0.00,"-20,193.76",,
"10/01/15 03:28 PM",,"2,207.28",0.00,"-17,986.49",4817303142,"Received 10/01/2015"
"10/01/15 03:27 PM",,"2,298.26",0.00,"-15,688.23",4817293585,"Received 10/01/2015"
"10/05/15 12:01 PM",,"1,242.14",0.00,"-14,446.09",2109327636,"Received 10/02/2015"
"10/02/15 01:30 PM",,"3,287.97",0.00,"-11,158.12",2109333822,"Received 10/02/2015"
"10/05/15 11:01 AM",,"8,022.94",0.00,"-3,135.17",2109329596,"Received 10/04/2015"
"10/05/15 01:46 PM",,"10,303.72",0.00,"7,168.55",2109331416,"Received 10/04/2015"
"10/05/15 12:25 PM",,"2,969.94",0.00,"10,138.48",2109335745,"Received 10/04/2015"
"10/05/15 12:09 PM",,"3,473.10",0.00,"13,611.58",2109337440,"Received 10/04/2015"
"10/06/15 12:00 AM",,0.00,"40,000.00","-26,388.42",,
"10/07/15 11:32 AM",,"7,069.62",0.00,"-19,318.80",5076693090,"Received 10/07/2015"
"10/07/15 10:54 AM",,"1,352.85",0.00,"-17,965.95",5420873555,"Received 10/07/2015"
"10/07/15 11:05 AM",,"1,368.67",0.00,"-16,597.28",5420875456,"Received 10/07/2015"
"10/08/15 11:09 AM",,"1,495.25",0.00,"-15,102.02",5420876053,"Received 10/07/2015"
"10/08/15 10:32 AM",,"1,944.62",0.00,"-13,157.40",5420876941,"Received 10/07/2015"
"10/09/15 01:16 PM",,725.71,0.00,"-12,431.69",2561924536,"Received 10/08/2015"
"10/08/15 12:10 PM",,"4,498.42",0.00,"-7,933.27",7738205801,"Received 10/08/2015"
"10/08/15 11:32 AM",,"2,191.46",0.00,"-5,741.82",7738206862,"Received 10/08/2015"
"10/08/15 11:22 AM",,"2,964.40",0.00,"-2,777.42",7738208310,"Received 10/08/2015"
"10/09/15 12:00 AM",,0.00,"40,000.00","-42,777.42",,
"10/12/15 12:35 PM",,"7,236.55",0.00,"-35,540.87",8928600321,"Received 10/11/2015"
"10/12/15 03:02 PM",,"2,306.17",0.00,"-33,234.70",8928601570,"Received 10/11/2015"
"10/12/15 02:25 PM",,"2,405.06",0.00,"-30,829.63",8928602874,"Received 10/11/2015"
"10/13/15 10:02 AM",,"8,829.11",0.00,"-22,000.52",3044497621,"Received 10/11/2015"
"10/12/15 02:28 PM",,"2,231.01",0.00,"-19,769.51",3044499544,"Received 10/11/2015"
"10/12/15 02:22 PM",,"3,006.33",0.00,"-16,763.18",3044500756,"Received 10/11/2015"
"10/12/15 03:53 PM",,"1,234.76",0.00,"-15,528.42",2562060325,"Received 10/12/2015"
"10/12/15 01:52 PM",,"9,060.79",0.00,"-6,467.62",4070207621,"Received 10/12/2015"
"10/12/15 02:56 PM",,"2,142.86",0.00,"-4,324.77",4070232692,"Received 10/12/2015"
"10/12/15 02:35 PM",,"2,769.84",0.00,"-1,554.93",4070210480,"Received 10/12/2015"
"10/12/15 02:18 PM",,"2,642.86",0.00,"1,087.93",4070211703,"Received 10/12/2015"
"10/13/15 12:03 PM",,"1,705.56",0.00,"2,793.49",4070209113,"Received 10/13/2015"
"10/13/15 12:00 AM",,0.00,"40,000.00","-37,206.51",,
"10/16/15 11:36 AM",,"6,960.95",0.00,"-30,245.56",4086048676,"Received 10/14/2015"
"10/19/15 11:10 AM",,"1,245.24",0.00,"-29,000.32",4086026011,"Received 10/14/2015"
"10/19/15 11:17 AM",,"2,186.51",0.00,"-26,813.81",4086043754,"Received 10/14/2015"
"10/21/15 12:27 PM",,"2,309.52",0.00,"-24,504.29",4086044944,"Received 10/14/2015"
"10/16/15 10:22 AM",,873.02,0.00,"-23,631.27",4086046672,"Received 10/15/2015"
"10/15/15 03:51 PM",,"4,182.54",0.00,"-19,448.73",4274968246,"Received 10/15/2015"
"10/16/15 01:05 PM",,"6,061.11",0.00,"-13,387.62",4274964794,"Received 10/16/2015"
"10/16/15 11:47 AM",,"4,182.54",0.00,"-9,205.08",4274966463,"Received 10/16/2015"
"10/19/15 11:31 AM",,"3,166.67",0.00,"-6,038.42",4274969860,"Received 10/16/2015"
"10/19/15 11:31 AM",,"1,975.40",0.00,"-4,063.02",4274971223,"Received 10/16/2015"
"10/19/15 01:32 PM",,"8,106.35",0.00,"4,043.33",4904953126,"Received 10/16/2015"
"10/19/15 11:55 AM",,"4,714.29",0.00,"8,757.61",1963604904,"Received 10/16/2015"
"10/19/15 12:11 PM",,"4,884.92",0.00,"13,642.54",1963607391,"Received 10/16/2015"
"10/19/15 11:42 AM",,"2,325.40",0.00,"15,967.93",7763044531,"Received 10/16/2015"
"10/19/15 11:51 AM",,"4,293.65",0.00,"20,261.58",3060348863,"Received 10/18/2015"
"10/19/15 12:42 PM",,"2,331.75",0.00,"22,593.33",3060535192,"Received 10/19/2015"
"10/19/15 12:00 AM",,0.00,"40,000.00","-17,406.67",,
"10/21/15 04:25 PM",,"8,753.97",0.00,"-8,652.70",4966366333,"Received 10/21/2015"
"10/21/15 01:19 PM",,"1,206.35",0.00,"-7,446.35",4966368735,"Received 10/21/2015"
"10/21/15 12:43 PM",,"1,968.25",0.00,"-5,478.10",4966370172,"Received 10/21/2015"
"10/21/15 12:02 PM",,"2,431.75",0.00,"-3,046.35",4966376251,"Received 10/21/2015"
"10/22/15 12:08 PM",,"5,180.16",0.00,"2,133.81",1000289080,"Received 10/22/2015"
"10/22/15 12:00 PM",,"2,214.29",0.00,"4,348.09",1000294153,"Received 10/22/2015"
"10/23/15 11:39 AM",,"3,055.56",0.00,"7,403.65",1000299252,"Received 10/22/2015"
"10/26/15 01:22 PM",,"1,182.62",0.00,"8,586.27",1401724520,"Received 10/23/2015"
"10/26/15 12:15 PM",,"5,365.08",0.00,"13,951.34",1401720364,"Received 10/23/2015"
"10/26/15 12:15 PM",,"1,341.27",0.00,"15,292.61",1401715825,"Received 10/23/2015"
"10/26/15 12:15 PM",,"2,126.98",0.00,"17,419.60",3769197250,"Received 10/23/2015"
"10/27/15 01:51 PM",,853.97,0.00,"18,273.57",5574915312&#65288;RFB1),"Received 10/23/2015"
"10/23/15 12:00 AM",,0.00,"40,000.00","-21,726.43",,
"10/27/15 02:55 PM",,"5,048.41",0.00,"-16,678.02",5574908135,"Received 10/25/2015"
"10/27/15 01:38 PM",,"3,428.57",0.00,"-13,249.45",7428192273,"Received 10/25/2015"
"10/27/15 01:27 PM",,"2,662.70",0.00,"-10,586.75",7428183943,"Received 10/25/2015"
"10/27/15 01:18 PM",,"10,992.86",0.00,406.11,3275319482,"Received 10/26/2015"
"10/27/15 12:29 PM",,"2,858.73",0.00,"3,264.84",3275321140,"Received 10/26/2015"
"10/27/15 12:29 PM",,"2,519.05",0.00,"5,783.88",3275322455,"Received 10/26/2015"
"10/27/15 03:17 PM",,"7,169.05",0.00,"12,952.93",3038084151,"Received 10/27/2015"
"10/28/15 04:30 PM",,"2,789.37",0.00,"15,742.30",3038076790,"Received 10/27/2015"
"10/27/15 01:18 PM",,"3,007.94",0.00,"18,750.23",3038077044,"Received 10/27/2015"
"10/28/15 12:15 PM",,"2,539.68",0.00,"21,289.92",6576110811,"Received 10/27/2015"
"10/27/15 12:00 AM",,0.00,"40,000.00","-18,710.08",,
"10/29/15 03:17 PM",,"1,606.83",0.00,"-17,103.26",6576114403,"Received 10/28/2015"
"10/30/15 04:11 PM",,"9,824.60",0.00,"-7,278.66",1908984571,"Received 10/29/2015"
"10/29/15 01:06 PM",,"1,615.56",0.00,"-5,663.10",2320335916,"Received 10/29/2015"
"10/29/15 01:56 PM",,"1,125.40",0.00,"-4,537.70",2320337810,"Received 10/29/2015"
"11/05/15 09:25 AM",,"1,277.78",0.00,"-3,259.93",2562849833,"Received 10/29/2015"
"11/02/15 02:02 PM",,"6,839.68",0.00,"3,579.76",1214028605,"Received 10/30/2015"
"10/30/15 12:00 AM",,0.00,"40,000.00","-36,420.24",,
"10/31/15 12:00 AM","China Facility Support (12600 RMB with 6.30 exchange rate)","2,000.00",0.00,"-34,420.24",,
"11/03/15 03:35 PM",,"2,309.52",0.00,"-32,110.72",6328941216,"Received 11/01/2015"
"11/03/15 01:38 PM",,"3,160.32",0.00,"-28,950.40",6328946890,"Received 11/01/2015"
"11/03/15 04:44 PM",,"3,628.73",0.00,"-25,321.67",1589604181,"Received 11/01/2015"
"11/03/15 12:28 PM",,"6,509.52",0.00,"-18,812.15",1589615300,"Received 11/01/2015"
"11/04/15 10:20 AM",,"2,530.00",0.00,"-16,282.15",1589391996,"Received 11/01/2015"
"11/03/15 04:39 PM",,"3,531.75",0.00,"-12,750.40",1589397353,"Received 11/01/2015"
"11/02/15 04:36 PM",,"7,214.29",0.00,"-5,536.12",6106969890,"Received 11/01/2015"
"11/03/15 02:27 PM",,452.38,0.00,"-5,083.73",3755123691RFB1,"Received 11/01/2015"
"11/04/15 11:26 AM",,856.35,0.00,"-4,227.39",3755125452,"Received 11/02/2015"
"11/04/15 09:33 AM",,"2,400.79",0.00,"-1,826.59",3755126992,"Received 11/02/2015"
"11/04/15 10:11 AM",,"1,702.38",0.00,-124.21,3755130573,"Received 11/02/2015"
"11/04/15 03:16 PM",,"4,068.25",0.00,"3,944.04",3755132732,"Received 11/02/2015"
"11/04/15 09:29 AM",,"4,055.56",0.00,"7,999.60",3755134412,"Received 11/02/2015"
"11/06/15 02:16 PM",,"1,345.30",0.00,"9,344.90",3244241151,"Received 11/03/2015"
"11/05/15 10:44 AM",,87.58,0.00,"9,432.48",1910303356RJ2-4,"Received 11/03/2015"
"11/04/15 01:34 PM",,"1,498.41",0.00,"10,930.89",1910297793,"Received 11/04/2015"
"11/04/15 02:37 PM",,"1,512.74",0.00,"12,443.63",1910300464,"Received 11/04/2015"
"11/05/15 12:03 PM",,"8,252.87",0.00,"20,696.49",1910578062,"Received 11/05/2015"
"11/05/15 10:22 AM",,"2,878.98",0.00,"23,575.47",1910305504,"Received 11/05/2015"
"11/05/15 09:39 AM",,"3,813.69",0.00,"27,389.17",1910306845,"Received 11/05/2015"
"11/05/15 01:02 PM",,"7,996.82",0.00,"35,385.98",1255228446,"Received 11/05/2015"
"11/05/15 11:25 AM",,"2,921.97",0.00,"38,307.96",2259323765,"Received 11/05/2015"
"11/05/15 11:32 AM",,"2,531.85",0.00,"40,839.81",2259326801,"Received 11/05/2015"
"11/06/15 10:59 AM",,"2,826.43",0.00,"43,666.24",2259330695,"Received 11/05/2015"
"11/06/15 11:05 AM",,"2,498.41",0.00,"46,164.65",2259319160,"Received 11/05/2015"
"11/05/15 12:00 AM",,0.00,"40,000.00","6,164.65",,"Bank Wire 4986373732"
"11/06/15 11:48 AM",,"3,550.96",0.00,"9,715.60",4378185066,"Received 11/06/2015"
"11/06/15 11:38 AM",,55.73,0.00,"9,771.33",4378187284(RJ2-RJ4),"Received 11/06/2015"
"11/09/15 02:42 PM",,"6,740.29",0.00,"16,511.62",4684724726,"Received 11/08/2015"
"11/09/15 12:29 PM",,"1,066.88",0.00,"17,578.50",4684348513,"Received 11/08/2015"
"11/09/15 12:09 PM",,"4,159.24",0.00,"21,737.74",4684350720,"Received 11/08/2015"
"11/09/15 01:30 PM",,"9,192.68",0.00,"30,930.41",9552630463,"Received 11/09/2015"
"11/09/15 11:15 AM",,"2,020.70",0.00,"32,951.11",8610655001,"Received 11/09/2015"
"11/09/15 10:51 AM",,"2,842.36",0.00,"35,793.47",8610659223,"Received 11/09/2015"
"11/11/15 04:09 PM",,"7,202.23",0.00,"42,995.70",8945703480,"Received 11/09/2015"
"11/12/15 03:11 PM",,963.38,0.00,"43,959.07",8945530510,"Received 11/09/2015"
"11/11/15 04:35 PM",,"1,349.52",0.00,"45,308.60",8945529084,"Received 11/09/2015"
"11/09/15 12:00 AM",,0.00,"40,000.00","5,308.60",,"Bank Wire 4986514488"
"11/12/15 11:37 AM",,"1,057.14",0.00,"6,365.74",8949144433&#65288;RFB2-BuyBack&#65289;,"Received 11/11/2015"
"11/13/15 03:51 PM",,961.67,0.00,"7,327.41",3244602966,"Received 11/11/2015"
"11/13/15 01:59 PM",,"6,033.33",0.00,"13,360.74",5398289816,"Received 11/13/2015"
"11/13/15 01:11 PM",,"7,740.24",0.00,"21,100.98",5398286810,"Received 11/13/2015"
"11/13/15 11:59 AM",,"1,441.27",0.00,"22,542.25",5398278966,"Received 11/13/2015"
"11/13/15 12:00 AM",,0.00,"40,000.00","-17,457.75",,"Bank Wire 4986788973"
"11/16/15 12:48 PM",,"10,800.40",0.00,"-6,657.36",9614054612,"Received 11/16/2015"
"11/19/15 12:38 PM",,"1,642.86",0.00,"-5,014.50",6329725813,"Received 11/16/2015"
"11/18/15 02:02 PM",,711.11,0.00,"-4,303.39",3244752744,"Received 11/16/2015"
"11/16/15 12:08 PM",,"9,176.98",0.00,"4,873.60",3345189713,"Received 11/16/2015"
"11/19/15 12:09 PM",,"4,233.33",0.00,"9,106.93","9641083211 buyback3 RFB","Received 11/18/2015"
"11/19/15 12:19 PM",,"3,325.40",0.00,"12,432.33",6329742042,"Received 11/18/2015"
"11/20/15 12:37 PM",,"7,865.08",0.00,"20,297.41",7442215233,"Received 11/18/2015"
"11/23/15 03:48 PM",,"3,952.38",0.00,"24,249.79",7442235894,"Received 11/18/2015"
"11/20/15 11:18 AM",,"2,188.89",0.00,"26,438.67",7442228150,"Received 11/19/2015"
"11/23/15 03:16 PM",,"2,650.79",0.00,"29,089.47",7442239011,"Received 11/19/2015"
"11/23/15 11:54 AM",,"9,494.44",0.00,"38,583.91",6862104281,"Received 11/19/2015"
"11/23/15 12:18 PM",,"3,614.29",0.00,"42,198.20",6862111336,"Received 11/19/2015"
"11/23/15 03:37 PM",,"3,492.06",0.00,"45,690.26",6862119040,"Received 11/19/2015"
"11/19/15 12:00 AM",,0.00,"40,000.00","5,690.26",,"Bank Wire 4987071324"
"11/23/15 11:57 AM",,"1,349.21",0.00,"7,039.47",6862108271,"Received 11/23/2015"
"11/23/15 03:42 PM",,"6,076.98",0.00,"13,116.45",6862115094,"Received 11/23/2015"
"11/23/15 12:33 PM",,"8,106.01",0.00,"21,222.47",2444270776,"Received 11/23/2015"
"11/23/15 02:44 PM",,"1,867.88",0.00,"23,090.35",2444254886,"Received 11/23/2015"
"11/23/15 02:02 PM",,"1,263.45",0.00,"24,353.79",2444262984,"Received 11/23/2015"
"11/23/15 03:55 PM",,"5,068.83",0.00,"29,422.62",2444264465,"Received 11/23/2015"
"11/23/15 03:02 PM",,"3,686.71",0.00,"33,109.33",2444266764,"Received 11/23/2015"
"11/24/15 01:10 PM",,"13,064.40",0.00,"46,173.73",4216619503,"Received 11/23/2015"
"11/25/15 11:54 AM",,"2,531.65",0.00,"48,705.38",4216621592,"Received 11/23/2015"
"11/25/15 11:49 AM",,"2,816.46",0.00,"51,521.83",4216614570,"Received 11/23/2015"
"12/01/15 03:50 PM",,"1,293.35",0.00,"52,815.19",2737673212,"Received 11/24/2015"
"11/25/15 12:34 PM",,"7,251.58",0.00,"60,066.77",5337869342,"Received 11/24/2015"
"11/25/15 11:39 AM",,"4,329.91",0.00,"64,396.67",5337870064,"Received 11/24/2015"
"11/30/15 12:07 PM",,917.72,0.00,"65,314.40",4054558126,"Received 11/24/2015"
"11/30/15 11:37 AM",,696.20,0.00,"66,010.60",4054560355,"Received 11/24/2015"
"11/30/15 11:52 AM",,528.48,0.00,"66,539.08",BuyBackB12-5138506715,"Received 11/24/2015"
"11/24/15 12:00 AM",,0.00,"40,000.00","26,539.08",,"Bank Wire 4987268988 "
"11/30/15 01:30 PM",,"3,368.67",0.00,"29,907.75",4054562035,"Received 11/25/2015"
"12/01/15 11:51 AM",,"6,095.73",0.00,"36,003.48",4054555050,"Received 11/27/2015"
"11/30/15 12:30 PM",,"3,506.33",0.00,"39,509.81",5138511184,"Received 11/27/2015"
"11/30/15 01:02 PM",,"3,724.68",0.00,"43,234.49",5138509202,"Received 11/27/2015"
"12/01/15 10:58 AM",,"1,430.38",0.00,"44,664.87",3311382480,"Received 11/29/2015"
"12/01/15 04:55 PM",,"9,262.66",0.00,"53,927.53",3311324520,"Received 11/29/2015"
"11/30/15 12:29 PM",,"3,014.24",0.00,"56,941.77",3311384086,"Received 11/29/2015"
"11/30/15 11:43 AM",,"3,392.41",0.00,"60,334.17",3311380590,"Received 11/29/2015"
"11/30/15 12:40 PM",,"3,441.46",0.00,"63,775.63",3311385626,"Received 11/29/2015"
"11/30/15 10:44 AM",,"3,007.91",0.00,"66,783.54",3311387284,"Received 11/29/2015"
"11/30/15 03:11 PM",,"8,591.77",0.00,"75,375.31",8469695695,"Received 11/30/2015"
"11/30/15 01:14 PM",,"2,666.14",0.00,"78,041.45",8469578854,"Received 11/30/2015"
"11/30/15 12:06 PM",,"2,096.52",0.00,"80,137.97",8469575870,"Received 11/30/2015"
"11/30/15 12:00 AM",,0.00,"40,000.00","40,137.97",,"Bank Wire 4987494182"
"11/30/15 12:00 AM","China Facility Support (12600 RMB with 6.32 exchange rate)","1,993.67",0.00,"42,131.64",,
"12/01/15 02:16 PM",,"8,968.04",0.00,"51,099.68",3677058733,"Received 12/01/2015"
"12/01/15 12:22 PM",,"2,806.96",0.00,"53,906.64",3676808030,"Received 12/01/2015"
"12/01/15 12:36 PM",,"2,238.92",0.00,"56,145.57",3676855442,"Received 12/01/2015"
"12/08/15 10:50 AM",,138.45,0.00,"56,284.02","4683470713 RJ5-RJ12","Received 12/01/2015"
"12/07/15 02:48 PM",,177.22,0.00,"56,461.23","4683463256 RJ5-RJ12","Received 12/01/2015"
"12/07/15 02:18 PM",,"3,145.41",0.00,"59,606.64",4683466196,"Received 12/01/2015"
"12/03/15 12:00 AM",,0.00,"40,000.00","19,606.64",,"Bank Wire 4987742712 "
"12/04/15 11:15 AM",,"3,787.97",0.00,"23,394.62",3895933311,"Received 12/04/2015"
"12/04/15 04:09 PM",,"1,223.10",0.00,"24,617.72","3895935746-BUYBACK 9","Received 12/04/2015"
"12/04/15 11:50 AM",,808.54,0.00,"25,426.26","3895939714-BUYBACK 14","Received 12/04/2015"
"12/07/15 11:23 AM",,599.68,0.00,"26,025.95","3895942363-BUYBACK 15","Received 12/07/2015"
"12/07/15 10:59 AM",,630.54,0.00,"26,656.48","3895944953-BUYBACK 19","Received 12/07/2015"
"12/07/15 11:12 AM",,608.39,0.00,"27,264.87","3895955501-BUYBACK 20","Received 12/07/2015"
"12/08/15 10:46 AM",,"6,102.85",0.00,"33,367.72",1628772036,"Received 12/07/2015"
"12/08/15 12:12 PM",,892.33,0.00,"34,260.04",3168189150,"Received 12/07/2015"
"12/07/15 04:43 PM",,"10,791.14",0.00,"45,051.18",6360327256,"Received 12/07/2015"
"12/07/15 01:16 PM",,"2,452.53",0.00,"47,503.71",3168191342,"Received 12/07/2015"
"12/07/15 03:05 PM",,"2,871.84",0.00,"50,375.55",3168193280,"Received 12/07/2015"
"12/07/15 03:17 PM",,"2,676.42",0.00,"53,051.97",1628777286,"Received 12/07/2015"
"12/07/15 01:30 PM",,"1,476.27",0.00,"54,528.24",1628779891,"Received 12/07/2015"
"12/09/15 01:23 PM",,752.06,0.00,"55,280.30",9645084551,"Received 12/07/2015"
"12/08/15 01:58 PM",,"6,350.63",0.00,"61,630.93",9644837263,"Received 12/07/2015"
"12/08/15 12:31 PM",,"1,826.74",0.00,"63,457.67",9644834334,"Received 12/07/2015"
"12/08/15 12:22 PM",,"2,738.13",0.00,"66,195.80",9644876485,"Received 12/08/2015"
"12/09/15 11:57 AM",,840.98,0.00,"67,036.78","5248939323-BUYBACK 24","Received 12/09/2015"
"12/09/15 12:28 PM",,"1,067.25",0.00,"68,104.03","5248939500-BUYBACK 22","Received 12/09/2015"
"12/10/15 01:52 PM",,"2,704.91",0.00,"70,808.94",4710454781,"Received 12/09/2015"
"12/10/15 02:09 PM",,"1,693.04",0.00,"72,501.97",4213119886,"Received 12/09/2015"
"12/10/15 02:07 PM",,"1,693.04",0.00,"74,195.01",4710184080,"Received 12/09/2015"
"12/11/15 12:07 PM",,791.14,0.00,"74,986.15",4710188431,"Received 12/09/2015"
"12/09/15 12:00 AM",,0.00,"40,000.00","34,986.15",,"Bankwire 4988029656"
"12/11/15 10:17 AM",,"2,064.87",0.00,"37,051.02",4710192340,"Received 12/11/2015"
"12/11/15 12:00 AM",,0.00,"15,000.00","22,051.02",,"Bank Wire"
"12/14/15 02:09 PM",,"2,406.17",0.00,"24,457.20",9165745783,"Received 12/12/2015"
"12/14/15 11:56 AM",,"2,822.78",0.00,"27,279.98",9165748966,"Received 12/12/2015"
"12/14/15 11:46 AM",,"1,996.84",0.00,"29,276.82",5099444243,"Received 12/12/2015"
"12/14/15 11:31 AM",,"5,778.30",0.00,"35,055.12",6598794274,"Received 12/12/2015"
"12/14/15 10:55 AM",,"3,066.04",0.00,"38,121.16",6598791312,"Received 12/12/2015"
"12/16/15 12:57 PM",,"1,622.05",0.00,"39,743.20",2015113295,"Received 12/16/2015"
"12/16/15 01:37 PM",,"1,913.39",0.00,"41,656.59",2015118571,"Received 12/16/2015"
"12/22/15 01:52 PM",,"2,069.98",0.00,"43,726.57","2454205644-Buyback 21","Received 12/17/2015"
"12/17/15 12:00 AM",,0.00,"40,000.00","3,726.57",,4988443369
"12/18/15 11:45 AM",,729.39,0.00,"4,455.97","3807072010 RFB-Buyback3","Received 12/18/2015"
"12/18/15 02:42 PM",,221.62,0.00,"4,677.58","3807077481 RFB","Received 12/18/2015"
"12/18/15 12:18 PM",,"3,706.07",0.00,"8,383.65",3807080981,"Received 12/18/2015"
"12/21/15 01:20 PM",,"7,780.40",0.00,"16,164.05",6924443831,"Received 12/18/2015"
"12/21/15 12:53 PM",,"2,623.02",0.00,"18,787.07",6924451590,"Received 12/18/2015"
"12/22/15 04:02 PM",,868.09,0.00,"19,655.16",3850804845,"Received 12/18/2015"
"12/22/15 01:17 PM",,"6,731.10",0.00,"26,386.26",2454208212,"Received 12/19/2015"
"12/22/15 02:25 PM",,"2,511.66",0.00,"28,897.93",2454202671,"Received 12/19/2015"
"12/22/15 02:32 PM",,"3,118.35",0.00,"32,016.28","3850808592	","Received 12/19/2015"
"12/22/15 02:09 PM",,"10,126.28",0.00,"42,142.56",1864993340,"Received 12/20/2015"
"12/22/15 03:25 PM",,"3,821.15",0.00,"45,963.71",4744795020,"Received 12/20/2015"
"12/23/15 11:16 AM",,"4,108.86",0.00,"50,072.58",4744804105,"Received 12/20/2015"
"12/21/15 12:00 AM",,0.00,"40,000.00","10,072.58",,4988607719
"12/23/15 02:51 PM",,"8,376.36",0.00,"18,448.94",4101726020,"Received 12/23/2015"
"12/23/15 12:22 PM",,"1,337.48",0.00,"19,786.42",4101726182,"Received 12/23/2015"
"12/24/15 12:18 PM",,785.38,0.00,"20,571.80",4101727136,"Received 12/24/2015"
"12/24/15 11:04 AM",,"3,251.94",0.00,"23,823.74",4101727335,"Received 12/24/2015"
"12/24/15 11:35 AM",,"1,116.64",0.00,"24,940.38","2818140323-Buyback 208","Received 12/24/2015"
"12/24/15 10:54 AM",,396.58,0.00,"25,336.96","2818143182-Buyback 208 ","Received 12/24/2015"
"12/24/15 10:48 AM",,"2,156.30",0.00,"27,493.26",2818153192,"Received 12/24/2015"
"12/28/15 12:12 PM",,"2,269.05",0.00,"29,762.31",2818145400,"Received 12/24/2015"
"12/28/15 12:18 PM",,"3,206.84",0.00,"32,969.15",2818147570,"Received 12/24/2015"
"12/28/15 12:09 PM",,"5,174.18",0.00,"38,143.34",2865496141,"Received 12/24/2015"
"12/28/15 01:27 PM",,"2,483.67",0.00,"40,627.01",2865492313,"Received 12/24/2015"
"12/28/15 12:50 PM",,"1,900.47",0.00,"42,527.47",2865489826,"Received 12/24/2015"
"12/31/15 10:39 AM",,"1,022.66",0.00,"43,550.13",8086066645,"Received 12/27/2015"
"12/30/15 01:37 PM",,"1,664.07",0.00,"45,214.21",8086066030,"Received 12/27/2015"
"12/30/15 12:41 PM",,"1,127.53",0.00,"46,341.74",8086065702,"Received 12/27/2015"
"12/29/15 12:54 PM",,"1,753.19",0.00,"48,094.92",4066087126,"Received 12/28/2015"
"12/28/15 04:34 PM",,"9,145.26",0.00,"57,240.18",7304291610,"Received 12/28/2015"
"12/28/15 01:39 PM",,"4,965.79",0.00,"62,205.97",7304248943,"Received 12/28/2015"
"12/28/15 01:04 PM",,"2,548.99",0.00,"64,754.96",7304246644,"Received 12/28/2015"
"12/29/15 02:49 PM",,"6,010.89",0.00,"70,765.84",6327734210,"Received 12/28/2015"
"12/29/15 03:05 PM",,"2,064.39",0.00,"72,830.23",6327774585,"Received 12/28/2015"
"12/29/15 12:20 PM",,"2,401.24",0.00,"75,231.47",6327772544,"Received 12/28/2015"
"12/28/15 01:16 PM",,"8,538.10",0.00,"83,769.57",2372258803,"Received 12/28/2015"
"12/28/15 12:57 PM",,"1,771.38",0.00,"85,540.96",2372245562,"Received 12/28/2015"
"12/30/15 02:07 PM",,"9,352.64",0.00,"94,893.60",9027571431,"Received 12/28/2015"
"12/28/15 12:00 AM",,0.00,"40,000.00","54,893.60",,"Bankwire 4988886304 "
"12/31/15 12:46 PM",,"2,513.06",0.00,"57,406.67",8086065455,"Received 12/30/2015"
"12/31/15 01:10 PM",,"2,902.95",0.00,"60,309.62",8086064394,"Received 12/30/2015"
"12/31/15 01:27 PM",,"6,328.15",0.00,"66,637.77",8086056565,"Received 12/30/2015"
"12/30/15 11:15 AM",,814.93,0.00,"67,452.70",4610787462-BUYBACK36,"Received 12/30/2015"
"12/31/15 11:02 AM",,514.77,0.00,"67,967.47","4610783225-BUYBACK 18","Received 12/30/2015"
"12/30/15 11:28 AM",,751.17,0.00,"68,718.64","4610785454-BUYBACK 32","Received 12/30/2015"
"12/30/15 12:01 PM",,"5,080.87",0.00,"73,799.51",4610781545,"Received 12/30/2015"
"12/30/15 12:00 AM",,0.00,"40,000.00","33,799.51",,"Bankwire 4989073830"
"12/31/15 11:24 AM",,673.41,0.00,"34,472.92","1531275852-BUYBACK 33","Received 12/31/2015"
"12/31/15 12:00 AM","China Facility Support (12600 RMB with 6.50 exchange rate)","1,938.46",0.00,"36,411.38",,
"12/31/15 12:00 AM","HK Shipping Cost (10032 RMB, with 6.50 exchange rate)","1,543.38",0.00,"37,954.76",,
"01/04/16 12:26 PM",,594.09,0.00,"38,548.85","1531277716-BUYBACK 27","Received 01/04/2016"
"01/04/16 11:05 AM",,"1,107.31",0.00,"39,656.16","1531274054-BUYBACK 34","Received 01/04/2016"
"01/04/16 12:48 PM",,782.27,0.00,"40,438.43","1531272175-BUYBACK 13","Received 01/04/2016"
"01/04/16 01:42 PM",,779.16,0.00,"41,217.59","1531268395-BUYBACK 17","Received 01/04/2016"
"01/04/16 12:37 PM",,"3,285.38",0.00,"44,502.97",1531266505,"Received 01/04/2016"
"01/04/16 03:03 PM",,"4,440.28",0.00,"48,943.25",4964890420,"Received 01/04/2016"
"01/04/16 10:48 AM",,"1,601.87",0.00,"50,545.12","6861410426-BUYBACK 37","Received 01/04/2016"
"01/04/16 11:21 AM",,853.65,0.00,"51,398.77","6861406123-BUYBACK 10","Received 01/04/2016"
"01/04/16 11:54 AM",,"1,424.57",0.00,"52,823.34","6861403780-BUYBACK 16","Received 01/04/2016"
"01/04/16 01:20 PM",,"2,115.09",0.00,"54,938.43","6861401466-BUYBACK 11","Received 01/04/2016"
"01/04/16 02:29 PM",,"2,026.44",0.00,"56,964.87",6861399252,"Received 01/04/2016"
"01/05/16 11:28 AM",,"2,630.64",0.00,"59,595.50",9879438612,"Received 01/04/2016"
"01/05/16 11:43 AM",,"1,504.67",0.00,"61,100.17",9879440141,"Received 01/04/2016"
"01/04/16 12:00 AM",,0.00,"40,000.00","21,100.17",,"Bankwire 4989226714"
"01/05/16 02:21 PM",,"4,236.63",0.00,"25,336.80",9879439522,"Received 01/05/2016"
"01/06/16 03:11 PM",,"3,008.55",0.00,"28,345.35",3389775513,"Received 01/06/2016"
"01/06/16 01:04 PM",,"1,247.12",0.00,"29,592.47",3389771232,"Received 01/06/2016"
"01/06/16 11:51 AM",,"4,545.88",0.00,"34,138.35",3389768572,"Received 01/06/2016"
"01/07/16 11:22 AM",,"6,275.27",0.00,"40,413.62",3704221883,"Received 01/07/2016"
"01/07/16 12:18 PM",,"4,271.38",0.00,"44,685.01",4648533142,"Received 01/07/2016"
"01/11/16 01:39 PM",,727.22,0.00,"45,412.22",9560707612,"Received 01/08/2016"
"01/08/16 10:29 AM",,"5,387.25",0.00,"50,799.47",3704223250,"Received 01/08/2016"
"01/08/16 12:00 AM",,0.00,"40,000.00","10,799.47",,"Bankwire 4989509498 "
"01/11/16 11:51 AM",,"8,506.67",0.00,"19,306.14",5178016561,"Received 01/11/2016"
"01/11/16 10:45 AM",,555.04,0.00,"19,861.18",5178019276-BB23,"Received 01/11/2016"
"01/11/16 11:23 AM",,"2,176.74",0.00,"22,037.92",5178358511-BB3890rfb3,"Received 01/11/2016"
"01/13/16 11:58 AM",,"9,941.09",0.00,"31,979.01",1107680862,"Received 01/12/2016"
"01/12/16 11:29 AM",,"3,595.35",0.00,"35,574.35",1107680394,"Received 01/12/2016"
"01/12/16 10:54 AM",,"2,736.43",0.00,"38,310.79",1107679856,"Received 01/12/2016"
"01/12/16 12:00 AM",,0.00,"40,000.00","-1,689.21",,"Bank Wire"
"01/13/16 01:05 PM",,"10,437.21",0.00,"8,748.00",6922587136,"Received 01/13/2016"
"01/13/16 10:54 AM",,"2,479.22",0.00,"11,227.22",6922588886,"Received 01/13/2016"
"01/13/16 11:07 AM",,"2,975.19",0.00,"14,202.42",6922590286,"Received 01/13/2016"
"01/14/16 02:02 PM",,"7,313.85",0.00,"21,516.26",6981972222,"Received 01/13/2016"
"01/14/16 01:54 PM",,"1,030.77",0.00,"22,547.03",8215914022,"Received 01/13/2016"
"01/14/16 12:26 PM",,"1,661.54",0.00,"24,208.57",8215917054,"Received 01/13/2016"
"01/15/16 03:05 PM",,"3,061.54",0.00,"27,270.11",8215919342,"Received 01/13/2016"
"01/14/16 12:00 AM",,0.00,"20,000.00","7,270.11",,Bankwire
"01/15/16 04:49 PM",,694.31,0.00,"7,964.42",1054964735,"Received 01/15/2016"
"01/15/16 02:05 PM",,"11,679.23",0.00,"19,643.65",1054966905,"Received 01/15/2016"
"01/18/16 10:44 AM",,"4,930.23",0.00,"24,573.88",1055102602,"Received 01/18/2016"
"01/18/16 10:56 AM",,"7,776.15",0.00,"32,350.03",5435847034,"Received 01/18/2016"
"01/18/16 01:28 PM",,"2,689.08",0.00,"35,039.11",5435851875-BB262930,"Received 01/18/2016"
"01/19/16 11:25 AM",,"1,291.38",0.00,"36,330.49",5435855224,"Received 01/18/2016"
"01/18/16 12:24 PM",,"7,323.08",0.00,"43,653.57",2237336953,"Received 01/18/2016"
"01/18/16 12:00 AM",,0.00,"25,000.00","18,653.57",,Bankwire
"01/26/16 03:02 PM",,"5,962.62",0.00,"24,616.19",5435857560,"Received 01/19/2016"
"01/20/16 01:50 PM",,"6,224.62",0.00,"30,840.80",9561918973,"Received 01/20/2016"
"01/20/16 11:40 AM",,"1,466.15",0.00,"32,306.95",9561917396-BB4142,"Received 01/20/2016"
"01/21/16 04:33 PM",,"2,844.00",0.00,"35,150.95",5877396663,"Received 01/21/2016"
"01/22/16 02:06 PM",,"8,192.62",0.00,"43,343.57",7921297963,"Received 01/21/2016"
"01/22/16 02:39 PM",,"4,560.77",0.00,"47,904.34",7921027402,"Received 01/21/2016"
"01/22/16 02:48 PM",,"4,616.92",0.00,"52,521.26",7921030025,"Received 01/21/2016"
"01/26/16 02:53 PM",,"4,465.38",0.00,"56,986.65",7921044331,"Received 01/21/2016"
"01/25/16 02:50 PM",,"2,624.46",0.00,"59,611.11",1105760482-BB434445,"Received 01/21/2016"
"01/21/16 12:00 AM",,0.00,"35,000.00","24,611.11",,Bankwire
"01/25/16 01:08 PM",,"2,753.85",0.00,"27,364.95",5188934726,"Received 01/23/2016"
"01/26/16 11:52 AM",,"11,297.85",0.00,"38,662.80",7627996541,"Received 01/23/2016"
"01/25/16 12:56 PM",,"3,097.08",0.00,"41,759.88",5758409871,"Received 01/25/2016"
"01/26/16 01:44 PM",,"5,831.54",0.00,"47,591.42",5758411956,"Received 01/25/2016"
"01/25/16 12:00 AM",,0.00,"40,000.00","7,591.42",,"Bankwire 4990225115 "
"01/26/16 01:24 PM",,"3,055.38",0.00,"10,646.80",1868624321,"Received 01/26/2016"
"01/26/16 01:11 PM",,"3,023.08",0.00,"13,669.88",1868625054,"Received 01/26/2016"
"01/27/16 01:28 PM",,450.31,0.00,"14,120.19",1868724535,"Received 01/27/2016"
"01/27/16 12:28 PM",,"8,933.23",0.00,"23,053.42",1868724270,"Received 01/27/2016"
"01/27/16 03:02 PM",,"8,919.54",0.00,"31,972.95",1868724001,"Received 01/27/2016"
"01/27/16 11:41 AM",,"1,984.62",0.00,"33,957.57",8938072511,"Received 01/27/2016"
"01/27/16 11:16 AM",,"2,096.92",0.00,"36,054.49",8938068801,"Received 01/27/2016"
"01/27/16 12:00 AM",,0.00,"40,000.00","-3,945.51",,"Bankwire 4990365633"
"01/28/16 11:36 AM",,"6,075.38",0.00,"2,129.88",8938092332,"Received 01/28/2016"
"01/28/16 10:58 AM",,"7,092.62",0.00,"9,222.49",1115784843,"Received 01/28/2016"
"01/28/16 11:19 AM",,"2,529.23",0.00,"11,751.72",1115866732-BB8464748,"Received 01/28/2016"
"01/28/16 12:06 PM",,"2,021.54",0.00,"13,773.26",1115868854-BB8464748,"Received 01/28/2016"
"01/28/16 12:00 AM",,0.00,"25,000.00","-11,226.74",,"Bankwire 4990436859"
"02/02/16 11:17 AM",,"2,971.38",0.00,"-8,255.35",1192711715,"Received 01/29/2016"
"01/29/16 11:37 AM",,"3,070.77",0.00,"-5,184.58",2991671340-BB8464748,"Received 01/29/2016"
"01/31/16 12:00 AM","China Support (12600 RMB, 6.50 exchange rate)","1,938.46",0.00,"-3,246.12",,
"01/31/16 12:00 AM","HK Cost (22152 RMB, 6.50 exchange rate)","3,408.00",0.00,161.88,,
"01/31/16 12:00 AM","Fedex Sea Shipping FOB Cost (2873.13 RMB. 6.50 exchange rate)",442.02,0.00,603.90,,
"02/01/16 12:28 PM",,"5,522.62",0.00,"6,126.51",5323500151,"Received 02/01/2016"
"02/01/16 12:07 PM",,"3,485.23",0.00,"9,611.74",5323897272,"Received 02/01/2016"
"02/01/16 01:23 PM",,"4,669.23",0.00,"14,280.97",5323494831,"Received 02/01/2016"
"02/01/16 01:30 PM",,"2,866.15",0.00,"17,147.13",5323497406,"Received 02/01/2016"
"02/02/16 04:02 PM",,"8,762.69",0.00,"25,909.82",1269457722,"Received 02/01/2016"
"02/01/16 12:54 PM",,"6,433.85",0.00,"32,343.67",1269448795,"Received 02/01/2016"
"02/01/16 01:40 PM",,"3,093.85",0.00,"35,437.51",1269441202,"Received 02/01/2016"
"02/01/16 01:48 PM",,"4,155.38",0.00,"39,592.90",1269425695,"Received 02/01/2016"
"02/01/16 12:00 AM",,0.00,"40,000.00",-407.10,,Bankwire
"02/03/16 02:45 PM",,"7,364.46",0.00,"6,957.36",1954751525,"Received 02/03/2016"
"02/03/16 01:41 PM",,"6,962.77",0.00,"13,920.13",1954750895,"Received 02/03/2016"
"02/03/16 12:04 PM",,"4,981.54",0.00,"18,901.67",1954749274,"Received 02/03/2016"
"02/03/16 12:00 AM",,0.00,"25,000.00","-6,098.33",,"Bankwire 4990761830"
"02/04/16 10:42 AM",,"5,247.69",0.00,-850.64,1954748611,"Received 02/04/2016"
"02/04/16 10:50 AM",,"5,715.38",0.00,"4,864.74",1954749812,"Received 02/04/2016"
"02/05/16 12:22 PM",,"11,878.46",0.00,"16,743.20",6045668926,"Received 02/05/2016"
"02/05/16 10:51 AM",,"7,152.31",0.00,"23,895.51",6045675016,"Received 02/05/2016"
"02/05/16 10:43 AM",,"3,824.62",0.00,"27,720.13",6045678052,"Received 02/05/2016"
"02/17/16 12:00 AM",,0.00,"27,700.00",20.13,,Bankwire
"02/17/16 12:00 AM",,0.00,"2,349.78","-2,329.65",,"close out balance - no payment"
"02/22/16 10:59 AM",,"9,057.23",0.00,"6,727.58",1562846541,"Received 02/22/2016"
"02/22/16 11:51 AM",,"1,965.38",0.00,"8,692.96",1562849120,"Received 02/22/2016"
"02/23/16 04:08 PM",,"9,818.46",0.00,"18,511.42",1579201304,"Received 02/23/2016"
"02/23/16 11:51 AM",,"1,004.62",0.00,"19,516.04",1579310051,"Received 02/23/2016"
"02/23/16 11:28 AM",,"1,084.62",0.00,"20,600.65",1579202166,"Received 02/23/2016"
"02/24/16 01:20 PM",,"1,965.38",0.00,"22,566.04",1562831432,"Received 02/24/2016"
"02/24/16 11:56 AM",,"2,934.62",0.00,"25,500.65",1562834346,"Received 02/24/2016"
"02/24/16 10:36 AM",,"4,120.00",0.00,"29,620.65",1579202726,"Received 02/24/2016"
"02/29/16 01:05 PM",,"4,925.54",0.00,"34,546.19",1579203312,"Received 02/24/2016"
"02/25/16 12:00 AM",,0.00,"40,000.00","-5,453.81",,"bank wire transaction 4991841619"
"02/29/16 10:14 AM",,"9,829.77",0.00,"4,375.96",9239590286,"Received 02/26/2016"
"02/26/16 02:01 PM",,"2,721.54",0.00,"7,097.50",2165444525-BB49,"Received 02/26/2016"
"02/29/16 01:35 PM",,"2,142.92",0.00,"9,240.42",2164960545,"Received 02/26/2016"
"02/29/16 12:46 PM",,"3,633.85",0.00,"12,874.27",2164963216,"Received 02/26/2016"
"02/26/16 11:30 AM",,"2,756.77",0.00,"15,631.04",6768847750,"Received 02/26/2016"
"02/29/16 02:54 PM",,"2,200.38",0.00,"17,831.42",6027280781,"Received 02/29/2016"
"02/29/16 12:01 PM",,"5,111.08",0.00,"22,942.50",4100557941,"Received 02/29/2016"
"02/29/16 10:27 AM",,"6,761.54",0.00,"29,704.04",7145232452,"Received 02/29/2016"
"02/29/16 10:48 AM",,"5,470.77",0.00,"35,174.81",7145230455,"Received 02/29/2016"
"02/29/16 12:14 PM",,"3,216.92",0.00,"38,391.73",7145228344,"Received 02/29/2016"
"02/29/16 12:00 AM",,0.00,"40,000.00","-1,608.27",,"Bankwire 4991990043 "
"02/29/16 12:00 AM","HK Shipping - 4000 RMB 6.5 EX Rate",615.38,0.00,-992.89,,
"02/29/16 12:00 AM",,0.00,"1,338.46","-2,331.35",,"Refund 58 pcs -8700 RMB Exchange Rate 6.5"
"02/29/16 12:00 AM","Support China Facility 12600 , Ex Rate 6.50","1,938.46",0.00,-392.89,,
"03/02/16 11:51 AM",,"1,024.77",0.00,631.88,7351406742,"Received 03/02/2016"
"03/02/16 11:12 AM",,"4,156.92",0.00,"4,788.80",7351492363,"Received 03/02/2016"
"03/03/16 12:32 PM",,"3,004.62",0.00,"7,793.42",7611579301-BB50,"Received 03/03/2016"
"03/03/16 02:12 PM",,880.00,0.00,"8,673.42",7611581806-BB50/BB49,"Received 03/03/2016"
"03/03/16 01:11 PM",,"1,456.15",0.00,"10,129.57",7611584330-BB50/BB49,"Received 03/03/2016"
"03/03/16 01:47 PM",,"4,010.77",0.00,"14,140.34",7611588036,"Received 03/03/2016"
"03/04/16 01:40 PM",,"3,806.69",0.00,"17,947.03",6057200833,"Received 03/04/2016"
"03/04/16 10:53 AM",,"5,086.15",0.00,"23,033.19",6057200925,"Received 03/04/2016"
"03/04/16 12:00 AM",,0.00,"20,000.00","3,033.19",,"Bankwire # 4992319841 "
"03/07/16 11:05 AM",,"3,746.15",0.00,"6,779.34",6057200951,"Received 03/07/2016"
"03/07/16 04:22 PM",,"7,265.85",0.00,"14,045.19",7888339115,"Received 03/07/2016"
"03/07/16 12:28 PM",,"4,159.69",0.00,"18,204.88",7888342442,"Received 03/07/2016"
"03/07/16 11:46 AM",,"4,536.92",0.00,"22,741.80",7888352905,"Received 03/07/2016"
"03/07/16 02:15 PM",,944.66,0.00,"23,686.47",6027590166,"Received 03/07/2016"
"03/07/16 01:14 PM",,"1,313.85",0.00,"25,000.31",7912461480,"Received 03/07/2016"
"03/07/16 11:57 AM",,"4,112.31",0.00,"29,112.62",7912459026,"Received 03/07/2016"
"03/08/16 12:31 PM",,"10,646.15",0.00,"39,758.77",7912484171,"Received 03/08/2016"
"03/08/16 11:19 AM",,"4,576.38",0.00,"44,335.16",7151633904,"Received 03/08/2016"
"03/08/16 11:02 AM",,"3,518.46",0.00,"47,853.62",7151634626,"Received 03/08/2016"
"03/08/16 11:51 AM",,885.38,0.00,"48,739.00",7151635260,"Received 03/08/2016"
"03/08/16 12:00 AM",,0.00,"40,000.00","8,739.00",,"Bankwire # 4992445121"
"03/09/16 04:42 PM",,"1,965.38",0.00,"10,704.39",5698319384,"Received 03/09/2016"
"03/09/16 02:04 PM",,"2,038.46",0.00,"12,742.85",5698334180,"Received 03/09/2016"
"03/09/16 03:22 PM",,"2,257.69",0.00,"15,000.54",5698338225,"Received 03/09/2016"
"03/10/16 04:12 PM",,"8,984.62",0.00,"23,985.16",2087004581,"Received 03/10/2016"
"03/10/16 01:04 PM",,"2,684.62",0.00,"26,669.77",3454680703,"Received 03/10/2016"
"03/14/16 12:54 PM",,"4,386.92",0.00,"31,056.70",3503469922,"Received 03/10/2016"
"03/14/16 03:06 PM",,"6,566.15",0.00,"37,622.85",2513613966,"Received 03/14/2016"
"03/14/16 04:00 PM",,"7,400.00",0.00,"45,022.85",2513611866,"Received 03/14/2016"
"03/14/16 10:59 AM",,"2,223.08",0.00,"47,245.93",2513608716,"Received 03/14/2016"
"03/14/16 12:42 PM",,"9,027.00",0.00,"56,272.93",3714451624,"Received 03/14/2016"
"03/14/16 11:28 AM",,"1,513.54",0.00,"57,786.47",3714455695,"Received 03/14/2016"
"03/14/16 12:00 AM",,0.00,"40,000.00","17,786.47",,"Bankwire 4992746034 "
"03/15/16 03:19 PM",,"1,504.31",0.00,"19,290.77",3758835710,"Received 03/15/2016"
"03/15/16 01:46 PM",,"10,392.62",0.00,"29,683.39",3758835290,"Received 03/15/2016"
"03/15/16 02:07 PM",,"11,695.69",0.00,"41,379.08",3758834866,"Received 03/15/2016"
"03/15/16 04:40 PM",,"3,833.23",0.00,"45,212.31",3758833326,"Received 03/15/2016"
"03/15/16 04:32 PM",,"1,840.00",0.00,"47,052.31",3758833945,"Received 03/15/2016"
"03/16/16 12:00 AM",,0.00,"40,000.00","7,052.31",,"Bankwire 4992882823 "
"03/21/16 04:23 PM",,"6,811.01",0.00,"13,863.32",9079325102,"Received 03/21/2016"
"03/22/16 11:40 AM",,"2,434.88",0.00,"16,298.20",9079320703,"Received 03/22/2016"
"03/22/16 02:20 PM",,"8,984.81",0.00,"25,283.01",2598818692,"Received 03/22/2016"
"03/22/16 11:54 AM",,"4,818.60",0.00,"30,101.61",2598823636,"Received 03/22/2016"
"03/22/16 01:02 PM",,"2,395.35",0.00,"32,496.96",2074635872-BB69,"Received 03/22/2016"
"03/22/16 12:07 PM",,843.41,0.00,"33,340.37",2074636620-BB495069,"Received 03/22/2016"
"03/23/16 01:55 PM",,"6,704.19",0.00,"40,044.56",2074710455,"Received 03/22/2016"
"03/22/16 12:00 AM",,0.00,"40,000.00",44.56,,"Bankwire: 4993144615"
"03/23/16 11:32 AM",,"11,945.74",0.00,"11,990.30",5604961600,"Received 03/23/2016"
"03/23/16 12:25 PM",,"5,768.17",0.00,"17,758.47",5604953896,"Received 03/23/2016"
"03/24/16 03:21 PM",,"3,893.80",0.00,"21,652.27",5604935663,"Received 03/23/2016"
"03/23/16 04:35 PM",,362.79,0.00,"22,015.06",5604930940-BB69,"Received 03/23/2016"
"03/25/16 11:23 AM",,"4,226.20",0.00,"26,241.26",2099579602,"Received 03/25/2016"
"03/25/16 12:00 AM",,0.00,"25,000.00","1,241.26",,"Bankwire 4993328787 "
"03/28/16 01:15 PM",,"6,052.40",0.00,"7,293.66",2099575656,"Received 03/28/2016"
"03/28/16 02:52 PM",,876.78,0.00,"8,170.44",1700421811,"Received 03/28/2016"
"03/28/16 02:18 PM",,"10,894.57",0.00,"19,065.01",9167420371,"Received 03/28/2016"
"03/28/16 12:12 PM",,"3,575.97",0.00,"22,640.98",1700274914,"Received 03/28/2016"
"03/28/16 12:37 PM",,"5,570.70",0.00,"28,211.68",1519188753,"Received 03/28/2016"
"03/29/16 01:44 PM",,"10,964.57",0.00,"39,176.25",1519176842,"Received 03/29/2016"
"03/29/16 12:29 PM",,"8,271.47",0.00,"47,447.72",5421337762,"Received 03/29/2016"
"03/29/16 11:14 AM",,"4,993.80",0.00,"52,441.52",5421336874,"Received 03/29/2016"
"03/29/16 12:08 PM",,"1,952.09",0.00,"54,393.61",5421338915,"Received 03/29/2016"
"03/30/16 10:56 AM",,"2,480.62",0.00,"56,874.23",4613465205-BB70,"Received 03/30/2016"
"03/30/16 12:00 AM",,0.00,"40,000.00","16,874.23",,"Bankwire 4993523557"
"03/31/16 12:56 PM",,"4,882.17",0.00,"21,756.40",7979167851,"Received 03/31/2016"
"03/31/16 11:11 AM",,"1,935.66",0.00,"23,692.06",7979171001,"Received 03/31/2016"
"03/31/16 12:00 AM","HK Shipping 11568 RMB , Ex Rate 6.5","1,779.69",0.00,"25,471.75",,
"04/01/16 01:00 PM",,"4,714.88",0.00,"30,186.64",1919977216,"Received 04/01/2016"
"04/04/16 01:09 PM",,"12,313.49",0.00,"42,500.13",8006055013,"Received 04/04/2016"
"04/04/16 12:42 PM",,"2,609.15",0.00,"45,109.27",8006058351,"Received 04/04/2016"
"04/04/16 12:00 AM",,0.00,"40,000.00","5,109.27",,"Bank wire"
"04/12/16 11:47 AM",,391.32,0.00,"5,500.59",6483450735,"Received 04/05/2016"
"04/05/16 01:27 PM",,"7,908.53",0.00,"13,409.12",6870654254,"Received 04/05/2016"
"04/05/16 12:55 PM",,"4,104.81",0.00,"17,513.92",6870651266,"Received 04/05/2016"
"04/05/16 12:10 PM",,"3,061.40",0.00,"20,575.32",6870647991,"Received 04/05/2016"
"04/05/16 11:26 AM",,"3,262.79",0.00,"23,838.11",6870644756,"Received 04/05/2016"
"04/08/16 03:50 PM",,"6,379.47",0.00,"30,217.58",3438364392,"Received 04/08/2016"
"04/08/16 12:00 AM",,0.00,"25,000.00","5,217.58",,"4994102176 "
"04/11/16 01:22 PM",,"7,951.24",0.00,"13,168.83",5144401010,"Received 04/11/2016"
"04/11/16 11:11 AM",,455.68,0.00,"13,624.50",5144404101-BB6970325,"Received 04/11/2016"
"04/12/16 12:28 PM",,"10,581.18",0.00,"24,205.68",2664368512,"Received 04/12/2016"
"04/12/16 11:33 AM",,"3,447.90",0.00,"27,653.58",2664370726,"Received 04/12/2016"
"04/12/16 10:56 AM",,"12,204.51",0.00,"39,858.09",6117368644,"Received 04/12/2016"
"04/12/16 01:19 PM",,312.19,0.00,"40,170.29",6117370803,"Received 04/12/2016"
"04/12/16 12:49 PM",,"5,371.23",0.00,"45,541.52",6117378024,"Received 04/12/2016"
"04/12/16 11:17 AM",,"3,745.72",0.00,"49,287.24",6688378863,"Received 04/12/2016"
"04/12/16 12:00 AM",,0.00,"40,000.00","9,287.24",,"4994252920 bankwire"
"04/13/16 01:49 PM",,"10,795.65",0.00,"20,082.88",6688449025,"Received 04/13/2016"
"04/13/16 12:35 PM",,"3,592.53",0.00,"23,675.42",9698301911-BB325,"Received 04/13/2016"
"04/13/16 11:44 AM",,"1,356.14",0.00,"25,031.56",9698306166-BB31816,"Received 04/13/2016"
"04/15/16 12:56 PM",,"8,822.71",0.00,"33,854.27",7153072555,"Received 04/15/2016"
"04/15/16 12:00 AM",,0.00,"25,000.00","8,854.27",,"Bankwire  4994480567 "
"04/20/16 10:49 AM",,426.95,0.00,"9,281.22",1516547675,"Received 04/18/2016"
"04/18/16 12:25 PM",,"8,803.42",0.00,"18,084.64",8417226543,"Received 04/18/2016"
"04/18/16 01:02 PM",,"5,297.05",0.00,"23,381.69",8417228993,"Received 04/18/2016"
"04/19/16 10:51 AM",,"6,473.87",0.00,"29,855.56",1790747114,"Received 04/18/2016"
"04/19/16 11:14 AM",,"5,179.00",0.00,"35,034.56",1790860610,"Received 04/18/2016"
"04/18/16 01:47 PM",,"6,051.48",0.00,"41,086.04",1790744281,"Received 04/18/2016"
"04/19/16 01:07 PM",,"1,938.72",0.00,"43,024.77",1374228730,"Received 04/19/2016"
"04/19/16 12:00 AM",,0.00,"40,000.00","3,024.77",,"Bankwire 4994611487 "
"04/21/16 01:34 PM",,951.01,0.00,"3,975.78",2180045361,"Received 04/21/2016"
"04/22/16 12:09 PM",,"1,939.35",0.00,"5,915.12",2180038991,"Received 04/21/2016"
"04/22/16 02:22 PM",,"8,476.67",0.00,"14,391.80",1788908472,"Received 04/22/2016"
"04/22/16 12:18 PM",,"3,363.92",0.00,"17,755.72",1788904622,"Received 04/22/2016"
"04/22/16 12:00 AM",,0.00,"15,000.00","2,755.72",,"Bankwire 4994813258 "
"04/25/16 12:26 PM",,"8,004.67",0.00,"10,760.38",3795485551,"Received 04/25/2016"
"04/25/16 12:01 PM",,85.54,0.00,"10,845.92",3795656830-RJ,"Received 04/25/2016"
"04/27/16 11:56 AM",,"4,024.88",0.00,"14,870.80",4170371645,"Received 04/25/2016"
"04/25/16 11:45 AM",,301.01,0.00,"15,171.81",3320002383,"Received 04/25/2016"
"04/25/16 04:04 PM",,"13,239.66",0.00,"28,411.47",3320005415,"Received 04/25/2016"
"04/25/16 11:49 AM",,139.97,0.00,"28,551.44",3320007961-RJ,"Received 04/25/2016"
"04/25/16 11:01 AM",,"3,157.85",0.00,"31,709.29",3320010374,"Received 04/25/2016"
"04/26/16 11:58 AM",,"3,681.18",0.00,"35,390.47",3195963503,"Received 04/26/2016"
"04/27/16 02:54 PM",,"2,130.79",0.00,"37,521.27",3195964273,"Received 04/26/2016"
"04/26/16 12:00 AM",,0.00,"40,000.00","-2,478.73",,"bankwire 4994940003 "
"04/27/16 01:08 PM",,311.04,0.00,"-2,167.69",4962422032,"Received 04/27/2016"
"04/28/16 10:22 AM",,"4,312.29",0.00,"2,144.60",3125299903-BB4116BB4816,"Received 04/27/2016"
"04/28/16 01:58 PM",,"6,632.97",0.00,"8,777.57",7052891565,"Received 04/28/2016"
"04/28/16 11:55 AM",,139.97,0.00,"8,917.53",7052893643-RJ,"Received 04/28/2016"
"04/28/16 01:37 PM",,"1,726.28",0.00,"10,643.82",7052896233,"Received 04/28/2016"
"04/28/16 11:34 AM",,"4,741.06",0.00,"15,384.88",7052898171,"Received 04/28/2016"
"04/28/16 12:00 AM",,0.00,"20,000.00","-4,615.12",,"Bankwire 4995110882"
"04/29/16 01:47 PM",,"15,264.54",0.00,"10,649.42",9980945122,"Received 04/29/2016"
"04/29/16 04:32 PM",,"6,329.70",0.00,"16,979.12",9980942484,"Received 04/29/2016"
"04/30/16 12:00 AM","HK Shipping 25711 RMB, 6.43 Ex Rate","3,998.60",0.00,"20,977.72",,
"04/30/16 12:00 AM","Clean Paper, 944 RMB, EX Rate 6.3",146.81,0.00,"21,124.53",,
"05/02/16 02:04 PM",,992.32,0.00,"22,116.85",4962565941,"Received 05/02/2016"
"05/02/16 11:58 AM",,"8,889.81",0.00,"31,006.66",3705273983,"Received 05/02/2016"
"05/02/16 12:32 PM",,"2,014.00",0.00,"33,020.66",3705271625,"Received 05/02/2016"
"05/02/16 01:10 PM",,"4,430.79",0.00,"37,451.45",3705260263,"Received 05/02/2016"
"05/03/16 10:53 AM",,"10,749.61",0.00,"48,201.06",4180262575,"Received 05/03/2016"
"05/03/16 11:06 AM",,"1,318.20",0.00,"49,519.26",4180265036,"Received 05/03/2016"
"05/03/16 12:00 AM",,0.00,"40,000.00","9,519.26",,"Bankwire 4995336668 "
"05/05/16 01:27 PM",,"3,923.02",0.00,"13,442.28",PO20018/9528039684,"Received 05/05/2016"
"05/05/16 11:55 AM",,968.12,0.00,"14,410.39",PO20018/9528031995-BB,"Received 05/05/2016"
"05/06/16 11:02 AM",,"1,461.90",0.00,"15,872.29","PO20018/9528035904-FIX Flex","Received 05/06/2016"
"05/06/16 01:17 PM",,"5,027.06",0.00,"20,899.35",PO20018/8431343513,"Received 05/06/2016"
"05/06/16 01:24 PM",,"1,547.43",0.00,"22,446.79",PO464/8431339685,"Received 05/06/2016"
"05/06/16 12:00 AM",,0.00,"20,000.00","2,446.79",,Bankwire
"05/09/16 10:53 AM",,"8,938.41",0.00,"11,385.20",PO20018/4233504763,"Received 05/09/2016"
"05/09/16 11:05 AM",,"7,161.74",0.00,"18,546.94",PO20018/4233507880,"Received 05/09/2016"
"05/09/16 12:33 PM",,925.35,0.00,"19,472.29",PO464/4233509582,"Received 05/09/2016"
"05/09/16 04:42 PM",,"2,382.27",0.00,"21,854.56",PO20018/4962890833,"Received 05/09/2016"
"05/09/16 11:46 AM",,"9,039.66",0.00,"30,894.22",PO20018/2356313293,"Received 05/09/2016"
"05/09/16 11:17 AM",,"4,255.99",0.00,"35,150.21",PO20018/2356306853,"Received 05/09/2016"
"05/09/16 12:07 PM",,"6,525.66",0.00,"41,675.87",PO20018/2356302362,"Received 05/09/2016"
"05/10/16 10:37 AM",,"5,040.44",0.00,"46,716.30",PO20018/4162672905,"Received 05/10/2016"
"05/10/16 12:00 AM",,0.00,"40,000.00","6,716.30",,"Bankwire 4995718919 "
"05/11/16 02:06 PM",,"1,634.82",0.00,"8,351.13",PO20019/1738405513,"Received 05/11/2016"
"05/12/16 12:29 PM",,"1,175.65",0.00,"9,526.78",BB42216-LBB041516,"Received 05/12/2016"
"05/12/16 12:00 PM",,"3,626.16",0.00,"13,152.94",PO20019/8416301655,"Received 05/12/2016"
"05/13/16 10:42 AM",,"10,781.73",0.00,"23,934.68",PO20019/2954808286,"Received 05/13/2016"
"05/13/16 11:55 AM",,"1,986.84",0.00,"25,921.52",PO466/2954800741,"Received 05/13/2016"
"05/13/16 12:00 AM",,0.00,"15,000.00","10,921.52",,"4995963011  Bank Wire"
"05/16/16 12:57 PM",,"9,286.38",0.00,"20,207.90",PO20019/5530860871,"Received 05/16/2016"
"05/16/16 01:14 PM",,"6,306.50",0.00,"26,514.40",PO20019/5530863796,"Received 05/16/2016"
"05/16/16 03:21 PM",,"8,747.14",0.00,"35,261.53",PO20019/6093474052,"Received 05/16/2016"
"05/16/16 01:46 PM",,473.53,0.00,"35,735.06",PO20019/7152874654,"Received 05/16/2016"
"05/17/16 11:52 AM",,"2,267.80",0.00,"38,002.87",PO467468-1315556314,"Received 05/17/2016"
"05/17/16 12:27 PM",,"1,806.50",0.00,"39,809.37",PO467468-1315555732,"Received 05/17/2016"
"05/18/16 01:35 PM",,"1,157.85",0.00,"40,967.22",PO475476/1161561192,"Received 05/18/2016"
"05/18/16 11:48 AM",,"1,539.66",0.00,"42,506.88",PO475/1161563012,"Received 05/18/2016"
"05/18/16 12:00 AM",,0.00,"40,000.00","2,506.88",,
"05/19/16 12:03 PM",,"1,261.28",0.00,"3,768.15",PO20020/2011989954,"Received 05/19/2016"
"05/20/16 12:14 PM",,"8,968.11",0.00,"12,736.27",PO20020/3208656614,"Received 05/20/2016"
"05/20/16 12:00 AM",,0.00,"19,318.40","-6,582.13",,Bankwire
"05/23/16 12:11 PM",,"11,860.99",0.00,"5,278.86",PO20020/4342207586,"Received 05/23/2016"
"05/23/16 12:37 PM",,"8,087.46",0.00,"13,366.32",PO20020/4342203375,"Received 05/23/2016"
"05/24/16 01:06 PM",,495.22,0.00,"13,861.53",PO20020/5135781431,"Received 05/23/2016"
"05/23/16 10:40 AM",,"2,125.39",0.00,"15,986.92",PO20020/5135778992,"Received 05/23/2016"
"05/23/16 03:28 PM",,"5,130.57",0.00,"21,117.49",PO20020/5135774615,"Received 05/23/2016"
"05/24/16 12:24 PM",,"5,008.05",0.00,"26,125.54",PO20020/2247272204,"Received 05/24/2016"
"05/24/16 12:45 PM",,"1,995.36",0.00,"28,120.90",PO20020/2247271316,"Received 05/24/2016"
"05/24/16 01:30 PM",,0.00,0.00,"28,120.90",test2113,"Received 05/24/2016"
"05/25/16 12:00 AM",,0.00,"40,000.00","-11,879.10",,"bank wire 4996525074 "
